maze_id,maze_type,maze_height,maze_width,starting_position,goal_position,algorithm,time,steps,nodes
5cda3fbe-360a-46bf-9815-78b3c08650f1,looping_maze,80,80,"(40, 40)","(0, 0)",dfs_search,0.009434938430786133,4477,3529
5cda3fbe-360a-46bf-9815-78b3c08650f1,looping_maze,80,80,"(40, 40)","(0, 0)",bfs_search,0.020381927490234375,6365,6343
5cda3fbe-360a-46bf-9815-78b3c08650f1,looping_maze,80,80,"(40, 40)","(0, 0)",astar_search,0.09147500991821289,241,240
7b54fca4-b5f1-4df6-95f8-09ad691dab09,looping_maze,80,80,"(40, 40)","(0, 0)",dfs_search,0.013994932174682617,4453,3556
7b54fca4-b5f1-4df6-95f8-09ad691dab09,looping_maze,80,80,"(40, 40)","(0, 0)",bfs_search,0.006039142608642578,6305,6282
7b54fca4-b5f1-4df6-95f8-09ad691dab09,looping_maze,80,80,"(40, 40)","(0, 0)",astar_search,0.08549308776855469,270,269
81f159fa-8302-4068-87df-707099339feb,looping_maze,80,80,"(40, 40)","(0, 0)",dfs_search,0.014743804931640625,5362,4491
81f159fa-8302-4068-87df-707099339feb,looping_maze,80,80,"(40, 40)","(0, 0)",bfs_search,0.020179033279418945,6399,6393
81f159fa-8302-4068-87df-707099339feb,looping_maze,80,80,"(40, 40)","(0, 0)",astar_search,0.12380719184875488,387,386
36be4e49-88b6-411e-9a88-598f578a525d,looping_maze,80,80,"(40, 40)","(0, 0)",dfs_search,0.013693094253540039,4841,3999
36be4e49-88b6-411e-9a88-598f578a525d,looping_maze,80,80,"(40, 40)","(0, 0)",bfs_search,0.016979217529296875,6337,6313
36be4e49-88b6-411e-9a88-598f578a525d,looping_maze,80,80,"(40, 40)","(0, 0)",astar_search,0.08213591575622559,190,189
8dbb6274-13d1-49cd-87dc-433b97d79c71,looping_maze,80,80,"(40, 40)","(0, 0)",dfs_search,0.011099100112915039,4812,3900
8dbb6274-13d1-49cd-87dc-433b97d79c71,looping_maze,80,80,"(40, 40)","(0, 0)",bfs_search,0.019701004028320312,6374,6359
8dbb6274-13d1-49cd-87dc-433b97d79c71,looping_maze,80,80,"(40, 40)","(0, 0)",astar_search,0.0888369083404541,212,211
681b2078-e618-4918-ae5a-8b0ffb626797,looping_maze,80,80,"(40, 40)","(0, 0)",dfs_search,0.017982959747314453,5682,4873
681b2078-e618-4918-ae5a-8b0ffb626797,looping_maze,80,80,"(40, 40)","(0, 0)",bfs_search,0.018280029296875,6369,6353
681b2078-e618-4918-ae5a-8b0ffb626797,looping_maze,80,80,"(40, 40)","(0, 0)",astar_search,0.12344217300415039,569,568
b20c3481-97c9-4dee-962c-64973806c4ab,looping_maze,80,80,"(40, 40)","(0, 0)",dfs_search,0.008507013320922852,3717,2971
b20c3481-97c9-4dee-962c-64973806c4ab,looping_maze,80,80,"(40, 40)","(0, 0)",bfs_search,0.019732952117919922,6340,6318
b20c3481-97c9-4dee-962c-64973806c4ab,looping_maze,80,80,"(40, 40)","(0, 0)",astar_search,0.09891414642333984,273,272
6ea52ab2-e260-4c38-a647-66ca6315f89d,looping_maze,80,80,"(40, 40)","(0, 0)",dfs_search,0.01502680778503418,5217,4246
6ea52ab2-e260-4c38-a647-66ca6315f89d,looping_maze,80,80,"(40, 40)","(0, 0)",bfs_search,0.011496305465698242,6285,6251
6ea52ab2-e260-4c38-a647-66ca6315f89d,looping_maze,80,80,"(40, 40)","(0, 0)",astar_search,0.06032705307006836,115,114
586664f2-f186-416f-8042-8856419fe34b,looping_maze,80,80,"(40, 40)","(0, 0)",dfs_search,0.010902166366577148,5258,4210
586664f2-f186-416f-8042-8856419fe34b,looping_maze,80,80,"(40, 40)","(0, 0)",bfs_search,0.01890087127685547,6367,6347
586664f2-f186-416f-8042-8856419fe34b,looping_maze,80,80,"(40, 40)","(0, 0)",astar_search,0.07063698768615723,158,157
a2e7ba1f-5ebf-403a-98ff-0a9c3e91aa79,looping_maze,80,80,"(40, 40)","(0, 0)",dfs_search,0.015835285186767578,5526,4763
a2e7ba1f-5ebf-403a-98ff-0a9c3e91aa79,looping_maze,80,80,"(40, 40)","(0, 0)",bfs_search,0.01413726806640625,6300,6266
a2e7ba1f-5ebf-403a-98ff-0a9c3e91aa79,looping_maze,80,80,"(40, 40)","(0, 0)",astar_search,0.06909418106079102,159,158
f02730b7-d013-4ebf-b637-a44ab42cef56,looping_maze,80,80,"(40, 40)","(0, 0)",dfs_search,0.017952919006347656,5543,4683
f02730b7-d013-4ebf-b637-a44ab42cef56,looping_maze,80,80,"(40, 40)","(0, 0)",bfs_search,0.017409086227416992,6217,6182
f02730b7-d013-4ebf-b637-a44ab42cef56,looping_maze,80,80,"(40, 40)","(0, 0)",astar_search,0.16430091857910156,602,601
d2606d28-3156-4035-8880-0f25b99cdb31,looping_maze,80,80,"(40, 40)","(0, 0)",dfs_search,0.015765905380249023,5638,4869
d2606d28-3156-4035-8880-0f25b99cdb31,looping_maze,80,80,"(40, 40)","(0, 0)",bfs_search,0.019303083419799805,6379,6363
d2606d28-3156-4035-8880-0f25b99cdb31,looping_maze,80,80,"(40, 40)","(0, 0)",astar_search,0.20271635055541992,789,788
e6779585-3f25-44a4-a685-42182c38062e,looping_maze,80,80,"(40, 40)","(0, 0)",dfs_search,0.016973018646240234,5306,4446
e6779585-3f25-44a4-a685-42182c38062e,looping_maze,80,80,"(40, 40)","(0, 0)",bfs_search,0.020407676696777344,6378,6364
e6779585-3f25-44a4-a685-42182c38062e,looping_maze,80,80,"(40, 40)","(0, 0)",astar_search,0.10042119026184082,272,271
eb514ae8-5a3f-413b-8c54-e95efbe192cd,looping_maze,80,80,"(40, 40)","(0, 0)",dfs_search,0.015125036239624023,4867,3933
eb514ae8-5a3f-413b-8c54-e95efbe192cd,looping_maze,80,80,"(40, 40)","(0, 0)",bfs_search,0.020173072814941406,6352,6339
eb514ae8-5a3f-413b-8c54-e95efbe192cd,looping_maze,80,80,"(40, 40)","(0, 0)",astar_search,0.07201290130615234,164,163
25e82bc3-68bf-4af0-86dd-92502c9c78fa,looping_maze,80,80,"(40, 40)","(0, 0)",dfs_search,0.015665054321289062,5319,4397
25e82bc3-68bf-4af0-86dd-92502c9c78fa,looping_maze,80,80,"(40, 40)","(0, 0)",bfs_search,0.019718170166015625,6392,6383
25e82bc3-68bf-4af0-86dd-92502c9c78fa,looping_maze,80,80,"(40, 40)","(0, 0)",astar_search,0.17621493339538574,637,636
53f9e351-6019-4f6b-8a04-8a26fe76dec7,looping_maze,80,80,"(40, 40)","(0, 0)",dfs_search,0.014772176742553711,5429,4456
53f9e351-6019-4f6b-8a04-8a26fe76dec7,looping_maze,80,80,"(40, 40)","(0, 0)",bfs_search,0.0166780948638916,6282,6258
53f9e351-6019-4f6b-8a04-8a26fe76dec7,looping_maze,80,80,"(40, 40)","(0, 0)",astar_search,0.13762474060058594,466,465
ce5b962d-327a-4693-bc32-a04077b229bc,looping_maze,80,80,"(40, 40)","(0, 0)",dfs_search,0.011471033096313477,5037,4080
ce5b962d-327a-4693-bc32-a04077b229bc,looping_maze,80,80,"(40, 40)","(0, 0)",bfs_search,0.020386934280395508,6378,6362
ce5b962d-327a-4693-bc32-a04077b229bc,looping_maze,80,80,"(40, 40)","(0, 0)",astar_search,0.11449003219604492,344,343
9a386f43-ba8e-423f-b646-3f2883e70cb4,looping_maze,80,80,"(40, 40)","(0, 0)",dfs_search,0.014534950256347656,5385,4341
9a386f43-ba8e-423f-b646-3f2883e70cb4,looping_maze,80,80,"(40, 40)","(0, 0)",bfs_search,0.020620107650756836,6348,6331
9a386f43-ba8e-423f-b646-3f2883e70cb4,looping_maze,80,80,"(40, 40)","(0, 0)",astar_search,0.20352625846862793,816,815
bf360704-3a65-4477-a1be-0da93b8f8f6b,looping_maze,80,80,"(40, 40)","(0, 0)",dfs_search,0.013813018798828125,5481,4711
bf360704-3a65-4477-a1be-0da93b8f8f6b,looping_maze,80,80,"(40, 40)","(0, 0)",bfs_search,0.018564701080322266,6129,6081
bf360704-3a65-4477-a1be-0da93b8f8f6b,looping_maze,80,80,"(40, 40)","(0, 0)",astar_search,0.07399582862854004,161,160
4fab306a-c3c5-436b-a2a0-1cfa2a74f80c,looping_maze,80,80,"(40, 40)","(0, 0)",dfs_search,0.010444164276123047,4879,4013
4fab306a-c3c5-436b-a2a0-1cfa2a74f80c,looping_maze,80,80,"(40, 40)","(0, 0)",bfs_search,0.021724939346313477,6354,6338
4fab306a-c3c5-436b-a2a0-1cfa2a74f80c,looping_maze,80,80,"(40, 40)","(0, 0)",astar_search,0.1367321014404297,461,460
c80154f3-b428-4670-b353-52da310c974b,looping_maze,80,80,"(40, 40)","(0, 0)",dfs_search,0.015377998352050781,5459,4365
c80154f3-b428-4670-b353-52da310c974b,looping_maze,80,80,"(40, 40)","(0, 0)",bfs_search,0.020990848541259766,6392,6382
c80154f3-b428-4670-b353-52da310c974b,looping_maze,80,80,"(40, 40)","(0, 0)",astar_search,0.05899691581726074,114,113
62e43eae-55aa-4f22-a68c-3b6e95177e9c,looping_maze,80,80,"(40, 40)","(0, 0)",dfs_search,0.016437053680419922,5678,4851
62e43eae-55aa-4f22-a68c-3b6e95177e9c,looping_maze,80,80,"(40, 40)","(0, 0)",bfs_search,0.020827054977416992,6370,6355
62e43eae-55aa-4f22-a68c-3b6e95177e9c,looping_maze,80,80,"(40, 40)","(0, 0)",astar_search,0.09620881080627441,251,250
66ffd4fb-d126-4e8d-b985-3db1cbd979ca,looping_maze,80,80,"(40, 40)","(0, 0)",dfs_search,0.014849185943603516,5876,5107
66ffd4fb-d126-4e8d-b985-3db1cbd979ca,looping_maze,80,80,"(40, 40)","(0, 0)",bfs_search,0.020746946334838867,6399,6394
66ffd4fb-d126-4e8d-b985-3db1cbd979ca,looping_maze,80,80,"(40, 40)","(0, 0)",astar_search,0.15151381492614746,603,602
428e45e4-f4e4-4501-969f-248861467d2b,looping_maze,80,80,"(40, 40)","(0, 0)",dfs_search,0.014230966567993164,5357,4475
428e45e4-f4e4-4501-969f-248861467d2b,looping_maze,80,80,"(40, 40)","(0, 0)",bfs_search,0.01825881004333496,6383,6371
428e45e4-f4e4-4501-969f-248861467d2b,looping_maze,80,80,"(40, 40)","(0, 0)",astar_search,0.06707882881164551,156,155
66e50125-6dae-461a-ad4c-53818aebd75b,looping_maze,80,80,"(40, 40)","(0, 0)",dfs_search,0.01052999496459961,4811,3792
66e50125-6dae-461a-ad4c-53818aebd75b,looping_maze,80,80,"(40, 40)","(0, 0)",bfs_search,0.018663883209228516,6265,6244
66e50125-6dae-461a-ad4c-53818aebd75b,looping_maze,80,80,"(40, 40)","(0, 0)",astar_search,0.1198880672454834,359,358
101bedac-eced-4043-926b-b43c2ee0fff4,looping_maze,80,80,"(40, 40)","(0, 0)",dfs_search,0.013389110565185547,5736,4889
101bedac-eced-4043-926b-b43c2ee0fff4,looping_maze,80,80,"(40, 40)","(0, 0)",bfs_search,0.018326997756958008,6338,6325
101bedac-eced-4043-926b-b43c2ee0fff4,looping_maze,80,80,"(40, 40)","(0, 0)",astar_search,0.07393980026245117,175,174
282f8844-aea0-4e74-b340-427867632b62,looping_maze,80,80,"(40, 40)","(0, 0)",dfs_search,0.015954017639160156,5780,4987
282f8844-aea0-4e74-b340-427867632b62,looping_maze,80,80,"(40, 40)","(0, 0)",bfs_search,0.019508838653564453,6401,6398
282f8844-aea0-4e74-b340-427867632b62,looping_maze,80,80,"(40, 40)","(0, 0)",astar_search,0.21107101440429688,847,846
8450ba9e-d485-47a4-bcd8-41a7174edfe0,looping_maze,80,80,"(40, 40)","(0, 0)",dfs_search,0.011169672012329102,5185,4215
8450ba9e-d485-47a4-bcd8-41a7174edfe0,looping_maze,80,80,"(40, 40)","(0, 0)",bfs_search,0.01871800422668457,6401,6397
8450ba9e-d485-47a4-bcd8-41a7174edfe0,looping_maze,80,80,"(40, 40)","(0, 0)",astar_search,0.17818617820739746,652,651
6193128e-f842-4edc-a32c-565cf41b4429,looping_maze,80,80,"(40, 40)","(0, 0)",dfs_search,0.009990930557250977,4029,3142
6193128e-f842-4edc-a32c-565cf41b4429,looping_maze,80,80,"(40, 40)","(0, 0)",bfs_search,0.018053770065307617,6361,6340
6193128e-f842-4edc-a32c-565cf41b4429,looping_maze,80,80,"(40, 40)","(0, 0)",astar_search,0.06254410743713379,122,121
09734bc4-82cb-419f-8b05-1c878ccb5a88,looping_maze,80,80,"(40, 40)","(0, 0)",dfs_search,0.0072100162506103516,5183,4205
09734bc4-82cb-419f-8b05-1c878ccb5a88,looping_maze,80,80,"(40, 40)","(0, 0)",bfs_search,0.021579980850219727,6391,6383
09734bc4-82cb-419f-8b05-1c878ccb5a88,looping_maze,80,80,"(40, 40)","(0, 0)",astar_search,0.07744216918945312,172,171
a86b5849-d842-408a-b170-87278b1c9780,looping_maze,80,80,"(40, 40)","(0, 0)",dfs_search,0.015077829360961914,5492,4446
a86b5849-d842-408a-b170-87278b1c9780,looping_maze,80,80,"(40, 40)","(0, 0)",bfs_search,0.015980005264282227,6360,6340
a86b5849-d842-408a-b170-87278b1c9780,looping_maze,80,80,"(40, 40)","(0, 0)",astar_search,0.18743205070495605,710,709
80601900-b80f-40c9-b8f4-63b8fd7d0919,looping_maze,80,80,"(40, 40)","(0, 0)",dfs_search,0.013127803802490234,5090,4210
80601900-b80f-40c9-b8f4-63b8fd7d0919,looping_maze,80,80,"(40, 40)","(0, 0)",bfs_search,0.01842021942138672,6400,6394
80601900-b80f-40c9-b8f4-63b8fd7d0919,looping_maze,80,80,"(40, 40)","(0, 0)",astar_search,0.1351161003112793,448,447
b346e688-2ded-4724-b656-bc90bfb562f8,labyrinth,80,80,"(40, 40)","(0, 0)",dfs_search,0.010149002075195312,4240,4188
b346e688-2ded-4724-b656-bc90bfb562f8,labyrinth,80,80,"(40, 40)","(0, 0)",bfs_search,0.012649059295654297,3833,3823
b346e688-2ded-4724-b656-bc90bfb562f8,labyrinth,80,80,"(40, 40)","(0, 0)",astar_search,0.5955550670623779,3553,3552
5c5787f8-c68d-4d02-8ddf-eb20deef316e,labyrinth,80,80,"(40, 40)","(0, 0)",dfs_search,0.018136024475097656,6329,6314
5c5787f8-c68d-4d02-8ddf-eb20deef316e,labyrinth,80,80,"(40, 40)","(0, 0)",bfs_search,0.003919839859008789,733,730
5c5787f8-c68d-4d02-8ddf-eb20deef316e,labyrinth,80,80,"(40, 40)","(0, 0)",astar_search,0.1577610969543457,690,689
ecacc588-2646-4c96-9693-b3091233bcbd,labyrinth,80,80,"(40, 40)","(0, 0)",dfs_search,0.01770186424255371,6008,5943
ecacc588-2646-4c96-9693-b3091233bcbd,labyrinth,80,80,"(40, 40)","(0, 0)",bfs_search,0.013831138610839844,4039,4035
ecacc588-2646-4c96-9693-b3091233bcbd,labyrinth,80,80,"(40, 40)","(0, 0)",astar_search,0.6276838779449463,3930,3929
c0d4e760-763a-4665-bf0f-3906ca3a96ee,labyrinth,80,80,"(40, 40)","(0, 0)",dfs_search,0.01679682731628418,6105,6046
c0d4e760-763a-4665-bf0f-3906ca3a96ee,labyrinth,80,80,"(40, 40)","(0, 0)",bfs_search,0.006456851959228516,3261,3253
c0d4e760-763a-4665-bf0f-3906ca3a96ee,labyrinth,80,80,"(40, 40)","(0, 0)",astar_search,0.5312778949737549,3080,3079
945bdba4-ee3e-43d7-a02c-fce0de3b1379,labyrinth,80,80,"(40, 40)","(0, 0)",dfs_search,0.007692098617553711,2030,1979
945bdba4-ee3e-43d7-a02c-fce0de3b1379,labyrinth,80,80,"(40, 40)","(0, 0)",bfs_search,0.010879039764404297,2713,2709
945bdba4-ee3e-43d7-a02c-fce0de3b1379,labyrinth,80,80,"(40, 40)","(0, 0)",astar_search,0.5020499229431152,2691,2690
40db9aba-5268-4120-aabf-e5ee3c4d60fd,labyrinth,80,80,"(40, 40)","(0, 0)",dfs_search,0.015908241271972656,6173,6136
40db9aba-5268-4120-aabf-e5ee3c4d60fd,labyrinth,80,80,"(40, 40)","(0, 0)",bfs_search,0.009735822677612305,2409,2403
40db9aba-5268-4120-aabf-e5ee3c4d60fd,labyrinth,80,80,"(40, 40)","(0, 0)",astar_search,0.45343995094299316,2318,2317
d835a6fa-dea7-4d01-8186-2304be69be93,labyrinth,80,80,"(40, 40)","(0, 0)",dfs_search,0.013775110244750977,4900,4820
d835a6fa-dea7-4d01-8186-2304be69be93,labyrinth,80,80,"(40, 40)","(0, 0)",bfs_search,0.014169931411743164,5965,5957
d835a6fa-dea7-4d01-8186-2304be69be93,labyrinth,80,80,"(40, 40)","(0, 0)",astar_search,0.7330830097198486,5842,5841
3fa19344-5d37-4d24-936f-8e32317582c8,labyrinth,80,80,"(40, 40)","(0, 0)",dfs_search,0.015848159790039062,6335,6315
3fa19344-5d37-4d24-936f-8e32317582c8,labyrinth,80,80,"(40, 40)","(0, 0)",bfs_search,0.003943204879760742,1282,1276
3fa19344-5d37-4d24-936f-8e32317582c8,labyrinth,80,80,"(40, 40)","(0, 0)",astar_search,0.2725639343261719,1181,1180
0fc13193-4a7d-47a1-b0e5-a3c51f62dca1,labyrinth,80,80,"(40, 40)","(0, 0)",dfs_search,0.015299797058105469,5378,5256
0fc13193-4a7d-47a1-b0e5-a3c51f62dca1,labyrinth,80,80,"(40, 40)","(0, 0)",bfs_search,0.015442132949829102,5518,5510
0fc13193-4a7d-47a1-b0e5-a3c51f62dca1,labyrinth,80,80,"(40, 40)","(0, 0)",astar_search,0.7148351669311523,5188,5187
d80d0f58-db61-4ec7-867e-d977eddcef7f,labyrinth,80,80,"(40, 40)","(0, 0)",dfs_search,0.010087966918945312,2739,2704
d80d0f58-db61-4ec7-867e-d977eddcef7f,labyrinth,80,80,"(40, 40)","(0, 0)",bfs_search,0.009603738784790039,2781,2778
d80d0f58-db61-4ec7-867e-d977eddcef7f,labyrinth,80,80,"(40, 40)","(0, 0)",astar_search,0.5053367614746094,2753,2752
e4c06e27-322d-4de9-b69d-d2e3e64e0a7d,labyrinth,80,80,"(40, 40)","(0, 0)",dfs_search,0.017470836639404297,6272,6247
e4c06e27-322d-4de9-b69d-d2e3e64e0a7d,labyrinth,80,80,"(40, 40)","(0, 0)",bfs_search,0.0066759586334228516,1658,1654
e4c06e27-322d-4de9-b69d-d2e3e64e0a7d,labyrinth,80,80,"(40, 40)","(0, 0)",astar_search,0.34279584884643555,1591,1590
a306937b-e19f-4114-9647-239228181526,labyrinth,80,80,"(40, 40)","(0, 0)",dfs_search,0.008199214935302734,4680,4626
a306937b-e19f-4114-9647-239228181526,labyrinth,80,80,"(40, 40)","(0, 0)",bfs_search,0.014460086822509766,5263,5255
a306937b-e19f-4114-9647-239228181526,labyrinth,80,80,"(40, 40)","(0, 0)",astar_search,0.7044358253479004,4964,4963
789ab2cd-7eda-420d-818d-1e2a18a4c635,labyrinth,80,80,"(40, 40)","(0, 0)",dfs_search,0.0037980079650878906,1158,1138
789ab2cd-7eda-420d-818d-1e2a18a4c635,labyrinth,80,80,"(40, 40)","(0, 0)",bfs_search,0.005285978317260742,1174,1171
789ab2cd-7eda-420d-818d-1e2a18a4c635,labyrinth,80,80,"(40, 40)","(0, 0)",astar_search,0.23012995719909668,1153,1152
f95a3ec8-c953-4fa3-9bad-0554abd16e78,labyrinth,80,80,"(40, 40)","(0, 0)",dfs_search,0.014097213745117188,5770,5678
f95a3ec8-c953-4fa3-9bad-0554abd16e78,labyrinth,80,80,"(40, 40)","(0, 0)",bfs_search,0.016347885131835938,5422,5417
f95a3ec8-c953-4fa3-9bad-0554abd16e78,labyrinth,80,80,"(40, 40)","(0, 0)",astar_search,0.7145941257476807,5269,5268
81d5beeb-139a-4fb8-a75f-daee126d2c96,labyrinth,80,80,"(40, 40)","(0, 0)",dfs_search,0.01559591293334961,6299,6265
81d5beeb-139a-4fb8-a75f-daee126d2c96,labyrinth,80,80,"(40, 40)","(0, 0)",bfs_search,0.006062984466552734,2366,2354
81d5beeb-139a-4fb8-a75f-daee126d2c96,labyrinth,80,80,"(40, 40)","(0, 0)",astar_search,0.429034948348999,2170,2169
81981465-5713-4943-a0f3-739509edb88f,labyrinth,80,80,"(40, 40)","(0, 0)",dfs_search,0.015269041061401367,5830,5782
81981465-5713-4943-a0f3-739509edb88f,labyrinth,80,80,"(40, 40)","(0, 0)",bfs_search,0.008974075317382812,4002,3997
81981465-5713-4943-a0f3-739509edb88f,labyrinth,80,80,"(40, 40)","(0, 0)",astar_search,0.6243751049041748,3830,3829
7f67351e-8d9b-4e14-ad78-eec7087acb4c,labyrinth,80,80,"(40, 40)","(0, 0)",dfs_search,0.01733875274658203,6067,6034
7f67351e-8d9b-4e14-ad78-eec7087acb4c,labyrinth,80,80,"(40, 40)","(0, 0)",bfs_search,0.01470637321472168,4893,4881
7f67351e-8d9b-4e14-ad78-eec7087acb4c,labyrinth,80,80,"(40, 40)","(0, 0)",astar_search,0.6594829559326172,4198,4197
0eb9844f-f374-4908-891d-d7f7a33117a1,labyrinth,80,80,"(40, 40)","(0, 0)",dfs_search,0.018248319625854492,6329,6297
0eb9844f-f374-4908-891d-d7f7a33117a1,labyrinth,80,80,"(40, 40)","(0, 0)",bfs_search,0.011141061782836914,3085,3080
0eb9844f-f374-4908-891d-d7f7a33117a1,labyrinth,80,80,"(40, 40)","(0, 0)",astar_search,0.5354301929473877,2940,2939
096febc4-7839-4f4f-9497-c6c1e2b20385,labyrinth,80,80,"(40, 40)","(0, 0)",dfs_search,0.014899015426635742,4935,4894
096febc4-7839-4f4f-9497-c6c1e2b20385,labyrinth,80,80,"(40, 40)","(0, 0)",bfs_search,0.007158994674682617,2489,2483
096febc4-7839-4f4f-9497-c6c1e2b20385,labyrinth,80,80,"(40, 40)","(0, 0)",astar_search,0.4512813091278076,2338,2337
c1b83f4a-ed41-4b24-a651-a013196f53ce,labyrinth,80,80,"(40, 40)","(0, 0)",dfs_search,0.015977144241333008,5332,5255
c1b83f4a-ed41-4b24-a651-a013196f53ce,labyrinth,80,80,"(40, 40)","(0, 0)",bfs_search,0.014539003372192383,5889,5885
c1b83f4a-ed41-4b24-a651-a013196f53ce,labyrinth,80,80,"(40, 40)","(0, 0)",astar_search,0.7198519706726074,5725,5724
df3a0599-b949-4066-a615-83ecbaa4a57c,labyrinth,80,80,"(40, 40)","(0, 0)",dfs_search,0.015810728073120117,6075,6000
df3a0599-b949-4066-a615-83ecbaa4a57c,labyrinth,80,80,"(40, 40)","(0, 0)",bfs_search,0.015774965286254883,5588,5584
df3a0599-b949-4066-a615-83ecbaa4a57c,labyrinth,80,80,"(40, 40)","(0, 0)",astar_search,0.7315990924835205,5565,5564
ce953b65-5dd9-4f5e-9299-6f40529a2278,labyrinth,80,80,"(40, 40)","(0, 0)",dfs_search,0.01813983917236328,6253,6233
ce953b65-5dd9-4f5e-9299-6f40529a2278,labyrinth,80,80,"(40, 40)","(0, 0)",bfs_search,0.007292747497558594,1569,1565
ce953b65-5dd9-4f5e-9299-6f40529a2278,labyrinth,80,80,"(40, 40)","(0, 0)",astar_search,0.3168661594390869,1540,1539
01ef5cb9-5a8c-4385-924a-6d05c9b194d1,labyrinth,80,80,"(40, 40)","(0, 0)",dfs_search,0.014294862747192383,4756,4683
01ef5cb9-5a8c-4385-924a-6d05c9b194d1,labyrinth,80,80,"(40, 40)","(0, 0)",bfs_search,0.01672196388244629,5541,5534
01ef5cb9-5a8c-4385-924a-6d05c9b194d1,labyrinth,80,80,"(40, 40)","(0, 0)",astar_search,0.7194149494171143,5264,5263
b7f03385-c189-4e01-bd2e-ae805b7c9a3c,labyrinth,80,80,"(40, 40)","(0, 0)",dfs_search,0.015268802642822266,4279,4216
b7f03385-c189-4e01-bd2e-ae805b7c9a3c,labyrinth,80,80,"(40, 40)","(0, 0)",bfs_search,0.013384819030761719,4816,4813
b7f03385-c189-4e01-bd2e-ae805b7c9a3c,labyrinth,80,80,"(40, 40)","(0, 0)",astar_search,0.6778318881988525,4565,4564
3b973938-3686-41e8-a9b1-2d781fea97e4,labyrinth,80,80,"(40, 40)","(0, 0)",dfs_search,0.01518392562866211,6071,6035
3b973938-3686-41e8-a9b1-2d781fea97e4,labyrinth,80,80,"(40, 40)","(0, 0)",bfs_search,0.0089569091796875,2689,2685
3b973938-3686-41e8-a9b1-2d781fea97e4,labyrinth,80,80,"(40, 40)","(0, 0)",astar_search,0.48487186431884766,2537,2536
d5457db4-8e0d-4c99-99f7-3a22b16f7df3,labyrinth,80,80,"(40, 40)","(0, 0)",dfs_search,0.016777992248535156,6328,6294
d5457db4-8e0d-4c99-99f7-3a22b16f7df3,labyrinth,80,80,"(40, 40)","(0, 0)",bfs_search,0.0022439956665039062,2351,2345
d5457db4-8e0d-4c99-99f7-3a22b16f7df3,labyrinth,80,80,"(40, 40)","(0, 0)",astar_search,0.4335291385650635,2199,2198
9808cf3c-9d60-469c-b2c7-c4899310b491,labyrinth,80,80,"(40, 40)","(0, 0)",dfs_search,0.016632080078125,5774,5704
9808cf3c-9d60-469c-b2c7-c4899310b491,labyrinth,80,80,"(40, 40)","(0, 0)",bfs_search,0.01582479476928711,4323,4318
9808cf3c-9d60-469c-b2c7-c4899310b491,labyrinth,80,80,"(40, 40)","(0, 0)",astar_search,0.6502809524536133,4247,4246
5f48f391-c4be-4309-a324-360ff7ad5004,labyrinth,80,80,"(40, 40)","(0, 0)",dfs_search,0.019512176513671875,5529,5459
5f48f391-c4be-4309-a324-360ff7ad5004,labyrinth,80,80,"(40, 40)","(0, 0)",bfs_search,0.018535137176513672,6173,6169
5f48f391-c4be-4309-a324-360ff7ad5004,labyrinth,80,80,"(40, 40)","(0, 0)",astar_search,0.749100923538208,6127,6126
628e90d1-cea4-4406-9a70-239cba5d4cf8,labyrinth,80,80,"(40, 40)","(0, 0)",dfs_search,0.01551198959350586,6100,6062
628e90d1-cea4-4406-9a70-239cba5d4cf8,labyrinth,80,80,"(40, 40)","(0, 0)",bfs_search,0.008820772171020508,2847,2844
628e90d1-cea4-4406-9a70-239cba5d4cf8,labyrinth,80,80,"(40, 40)","(0, 0)",astar_search,0.5211889743804932,2838,2837
daf783cd-96d6-4d28-8e23-92ed08f0a304,labyrinth,80,80,"(40, 40)","(0, 0)",dfs_search,0.016942262649536133,5741,5687
daf783cd-96d6-4d28-8e23-92ed08f0a304,labyrinth,80,80,"(40, 40)","(0, 0)",bfs_search,0.005384922027587891,5818,5814
daf783cd-96d6-4d28-8e23-92ed08f0a304,labyrinth,80,80,"(40, 40)","(0, 0)",astar_search,0.7371342182159424,5620,5619
74f54183-6ef8-47e9-8276-fc0baf75acee,labyrinth,80,80,"(40, 40)","(0, 0)",dfs_search,0.013533830642700195,5198,5137
74f54183-6ef8-47e9-8276-fc0baf75acee,labyrinth,80,80,"(40, 40)","(0, 0)",bfs_search,0.015564203262329102,5357,5353
74f54183-6ef8-47e9-8276-fc0baf75acee,labyrinth,80,80,"(40, 40)","(0, 0)",astar_search,0.7134461402893066,5225,5224
a75eb753-71f2-45ef-82fd-333752d18cb8,labyrinth,80,80,"(40, 40)","(0, 0)",dfs_search,0.015223979949951172,5584,5512
a75eb753-71f2-45ef-82fd-333752d18cb8,labyrinth,80,80,"(40, 40)","(0, 0)",bfs_search,0.01769280433654785,6024,6017
a75eb753-71f2-45ef-82fd-333752d18cb8,labyrinth,80,80,"(40, 40)","(0, 0)",astar_search,0.741811990737915,5740,5739
24a89ef0-3ab8-40c4-8396-272e6ab84a72,labyrinth,80,80,"(40, 40)","(0, 0)",dfs_search,0.01758098602294922,5792,5734
24a89ef0-3ab8-40c4-8396-272e6ab84a72,labyrinth,80,80,"(40, 40)","(0, 0)",bfs_search,0.016217947006225586,5117,5114
24a89ef0-3ab8-40c4-8396-272e6ab84a72,labyrinth,80,80,"(40, 40)","(0, 0)",astar_search,0.7049078941345215,4996,4995
1cf30cd3-1c02-4fba-813b-a8d27c581d41,labyrinth,80,80,"(40, 40)","(0, 0)",dfs_search,0.01620626449584961,6170,6145
1cf30cd3-1c02-4fba-813b-a8d27c581d41,labyrinth,80,80,"(40, 40)","(0, 0)",bfs_search,0.0021979808807373047,1871,1867
1cf30cd3-1c02-4fba-813b-a8d27c581d41,labyrinth,80,80,"(40, 40)","(0, 0)",astar_search,0.35309696197509766,1663,1662
76a7838e-c5c3-4609-bcd4-cb6037f82651,labyrinth,80,80,"(40, 40)","(0, 0)",dfs_search,0.01695990562438965,6001,5948
76a7838e-c5c3-4609-bcd4-cb6037f82651,labyrinth,80,80,"(40, 40)","(0, 0)",bfs_search,0.012157917022705078,4377,4369
76a7838e-c5c3-4609-bcd4-cb6037f82651,labyrinth,80,80,"(40, 40)","(0, 0)",astar_search,0.6463122367858887,4072,4071
6a1b9804-b9c1-4bdf-b817-b8969ae038a3,looping_maze,40,40,"(20, 20)","(0, 0)",dfs_search,0.003228902816772461,1361,1135
6a1b9804-b9c1-4bdf-b817-b8969ae038a3,looping_maze,40,40,"(20, 20)","(0, 0)",bfs_search,0.0037958621978759766,1582,1565
6a1b9804-b9c1-4bdf-b817-b8969ae038a3,looping_maze,40,40,"(20, 20)","(0, 0)",astar_search,0.022748947143554688,136,135
f454e725-fb45-4b4b-9fdc-3626b9d1ebe1,looping_maze,40,40,"(20, 20)","(0, 0)",dfs_search,0.0038330554962158203,1460,1193
f454e725-fb45-4b4b-9fdc-3626b9d1ebe1,looping_maze,40,40,"(20, 20)","(0, 0)",bfs_search,0.004845857620239258,1453,1417
f454e725-fb45-4b4b-9fdc-3626b9d1ebe1,looping_maze,40,40,"(20, 20)","(0, 0)",astar_search,0.015765905380249023,67,66
f261b5d5-f452-4ac4-afc4-efe6f3253ae4,looping_maze,40,40,"(20, 20)","(0, 0)",dfs_search,0.006406307220458984,1478,1312
f261b5d5-f452-4ac4-afc4-efe6f3253ae4,looping_maze,40,40,"(20, 20)","(0, 0)",bfs_search,0.005110740661621094,1558,1542
f261b5d5-f452-4ac4-afc4-efe6f3253ae4,looping_maze,40,40,"(20, 20)","(0, 0)",astar_search,0.04683399200439453,344,343
33138d6f-2a18-499d-91ae-3ac88143b64b,looping_maze,40,40,"(20, 20)","(0, 0)",dfs_search,0.003361225128173828,1402,1171
33138d6f-2a18-499d-91ae-3ac88143b64b,looping_maze,40,40,"(20, 20)","(0, 0)",bfs_search,0.004558086395263672,1580,1569
33138d6f-2a18-499d-91ae-3ac88143b64b,looping_maze,40,40,"(20, 20)","(0, 0)",astar_search,0.015111923217773438,64,63
5659a72c-c327-4043-97eb-75fef3aa81ef,looping_maze,40,40,"(20, 20)","(0, 0)",dfs_search,0.003841876983642578,1410,1188
5659a72c-c327-4043-97eb-75fef3aa81ef,looping_maze,40,40,"(20, 20)","(0, 0)",bfs_search,0.007416248321533203,1563,1545
5659a72c-c327-4043-97eb-75fef3aa81ef,looping_maze,40,40,"(20, 20)","(0, 0)",astar_search,0.011876106262207031,56,55
c3b63457-af06-4cdc-99e8-583996986a93,looping_maze,40,40,"(20, 20)","(0, 0)",dfs_search,0.0011568069458007812,1142,902
c3b63457-af06-4cdc-99e8-583996986a93,looping_maze,40,40,"(20, 20)","(0, 0)",bfs_search,0.0045490264892578125,1464,1431
c3b63457-af06-4cdc-99e8-583996986a93,looping_maze,40,40,"(20, 20)","(0, 0)",astar_search,0.02111506462097168,112,111
9ff8e2cb-e7aa-4a3c-8440-7eb5986a823f,looping_maze,40,40,"(20, 20)","(0, 0)",dfs_search,0.005102872848510742,1369,1136
9ff8e2cb-e7aa-4a3c-8440-7eb5986a823f,looping_maze,40,40,"(20, 20)","(0, 0)",bfs_search,0.005908012390136719,1574,1561
9ff8e2cb-e7aa-4a3c-8440-7eb5986a823f,looping_maze,40,40,"(20, 20)","(0, 0)",astar_search,0.026180028915405273,145,144
455b989f-f5cf-4f55-9bfe-1dd65df3dc71,looping_maze,40,40,"(20, 20)","(0, 0)",dfs_search,0.0034301280975341797,1301,1044
455b989f-f5cf-4f55-9bfe-1dd65df3dc71,looping_maze,40,40,"(20, 20)","(0, 0)",bfs_search,0.006248950958251953,1597,1590
455b989f-f5cf-4f55-9bfe-1dd65df3dc71,looping_maze,40,40,"(20, 20)","(0, 0)",astar_search,0.018353939056396484,81,80
45fa0875-a48c-4d3d-bd34-bec9c587dd11,looping_maze,40,40,"(20, 20)","(0, 0)",dfs_search,0.0034139156341552734,1448,1225
45fa0875-a48c-4d3d-bd34-bec9c587dd11,looping_maze,40,40,"(20, 20)","(0, 0)",bfs_search,0.004702091217041016,1590,1580
45fa0875-a48c-4d3d-bd34-bec9c587dd11,looping_maze,40,40,"(20, 20)","(0, 0)",astar_search,0.010086774826049805,71,70
a961ce0b-5989-45e6-a977-3bde23474f4f,looping_maze,40,40,"(20, 20)","(0, 0)",dfs_search,0.004002094268798828,1423,1157
a961ce0b-5989-45e6-a977-3bde23474f4f,looping_maze,40,40,"(20, 20)","(0, 0)",bfs_search,0.006889820098876953,1483,1442
a961ce0b-5989-45e6-a977-3bde23474f4f,looping_maze,40,40,"(20, 20)","(0, 0)",astar_search,0.025953054428100586,139,138
a39ea87a-2a1b-492d-b2bd-ac76ebe13fc2,looping_maze,40,40,"(20, 20)","(0, 0)",dfs_search,0.005141019821166992,1361,1113
a39ea87a-2a1b-492d-b2bd-ac76ebe13fc2,looping_maze,40,40,"(20, 20)","(0, 0)",bfs_search,0.004432201385498047,1578,1563
a39ea87a-2a1b-492d-b2bd-ac76ebe13fc2,looping_maze,40,40,"(20, 20)","(0, 0)",astar_search,0.028461933135986328,176,175
dd7a7129-d255-4922-ab16-cd2eedf2aecc,looping_maze,40,40,"(20, 20)","(0, 0)",dfs_search,0.0049860477447509766,1407,1194
dd7a7129-d255-4922-ab16-cd2eedf2aecc,looping_maze,40,40,"(20, 20)","(0, 0)",bfs_search,0.005294084548950195,1541,1511
dd7a7129-d255-4922-ab16-cd2eedf2aecc,looping_maze,40,40,"(20, 20)","(0, 0)",astar_search,0.02690291404724121,163,162
3a977fe0-76bc-4446-886b-2bfccd1cef78,looping_maze,40,40,"(20, 20)","(0, 0)",dfs_search,0.0029668807983398438,1278,1021
3a977fe0-76bc-4446-886b-2bfccd1cef78,looping_maze,40,40,"(20, 20)","(0, 0)",bfs_search,0.003857851028442383,1578,1562
3a977fe0-76bc-4446-886b-2bfccd1cef78,looping_maze,40,40,"(20, 20)","(0, 0)",astar_search,0.01499319076538086,67,66
5546a537-5219-47e2-a2e4-4a2b3a61edba,looping_maze,40,40,"(20, 20)","(0, 0)",dfs_search,0.0017638206481933594,1282,1037
5546a537-5219-47e2-a2e4-4a2b3a61edba,looping_maze,40,40,"(20, 20)","(0, 0)",bfs_search,0.0056688785552978516,1591,1576
5546a537-5219-47e2-a2e4-4a2b3a61edba,looping_maze,40,40,"(20, 20)","(0, 0)",astar_search,0.013260126113891602,52,51
cd3a1603-8b30-44ea-970a-bf99a2f2b3f2,looping_maze,40,40,"(20, 20)","(0, 0)",dfs_search,0.004739284515380859,1458,1259
cd3a1603-8b30-44ea-970a-bf99a2f2b3f2,looping_maze,40,40,"(20, 20)","(0, 0)",bfs_search,0.0044116973876953125,1595,1585
cd3a1603-8b30-44ea-970a-bf99a2f2b3f2,looping_maze,40,40,"(20, 20)","(0, 0)",astar_search,0.04204106330871582,284,283
3be578cd-b2d9-4fab-adbc-00659e40c308,looping_maze,40,40,"(20, 20)","(0, 0)",dfs_search,0.0031087398529052734,1400,1141
3be578cd-b2d9-4fab-adbc-00659e40c308,looping_maze,40,40,"(20, 20)","(0, 0)",bfs_search,0.003902912139892578,1588,1575
3be578cd-b2d9-4fab-adbc-00659e40c308,looping_maze,40,40,"(20, 20)","(0, 0)",astar_search,0.02999401092529297,185,184
a5fb47ab-4612-4c83-bb1e-fab4f02772ab,looping_maze,40,40,"(20, 20)","(0, 0)",dfs_search,0.0045201778411865234,1485,1246
a5fb47ab-4612-4c83-bb1e-fab4f02772ab,looping_maze,40,40,"(20, 20)","(0, 0)",bfs_search,0.005888938903808594,1599,1596
a5fb47ab-4612-4c83-bb1e-fab4f02772ab,looping_maze,40,40,"(20, 20)","(0, 0)",astar_search,0.029987812042236328,195,194
46c691ee-2745-4a42-9a01-9b6cd1e4af28,looping_maze,40,40,"(20, 20)","(0, 0)",dfs_search,0.00678706169128418,1446,1277
46c691ee-2745-4a42-9a01-9b6cd1e4af28,looping_maze,40,40,"(20, 20)","(0, 0)",bfs_search,0.0066149234771728516,1580,1563
46c691ee-2745-4a42-9a01-9b6cd1e4af28,looping_maze,40,40,"(20, 20)","(0, 0)",astar_search,0.0214841365814209,114,113
f1f4613a-80e9-4838-93b7-fbd508a92af7,looping_maze,40,40,"(20, 20)","(0, 0)",dfs_search,0.003777027130126953,1382,1126
f1f4613a-80e9-4838-93b7-fbd508a92af7,looping_maze,40,40,"(20, 20)","(0, 0)",bfs_search,0.0037839412689208984,1307,1259
f1f4613a-80e9-4838-93b7-fbd508a92af7,looping_maze,40,40,"(20, 20)","(0, 0)",astar_search,0.027865886688232422,147,146
6de9dc9f-b1a2-48ff-b707-a544688524c6,looping_maze,40,40,"(20, 20)","(0, 0)",dfs_search,0.004611968994140625,1416,1193
6de9dc9f-b1a2-48ff-b707-a544688524c6,looping_maze,40,40,"(20, 20)","(0, 0)",bfs_search,0.0071430206298828125,1584,1571
6de9dc9f-b1a2-48ff-b707-a544688524c6,looping_maze,40,40,"(20, 20)","(0, 0)",astar_search,0.020828962326049805,119,118
418e9e26-aa39-43e5-b025-a5919c58ef6f,looping_maze,40,40,"(20, 20)","(0, 0)",dfs_search,0.005003929138183594,1319,1059
418e9e26-aa39-43e5-b025-a5919c58ef6f,looping_maze,40,40,"(20, 20)","(0, 0)",bfs_search,0.006140232086181641,1584,1571
418e9e26-aa39-43e5-b025-a5919c58ef6f,looping_maze,40,40,"(20, 20)","(0, 0)",astar_search,0.028815031051635742,175,174
8373f4c5-72e7-4d1d-ae17-236e73d76e18,looping_maze,40,40,"(20, 20)","(0, 0)",dfs_search,0.0045261383056640625,1332,1077
8373f4c5-72e7-4d1d-ae17-236e73d76e18,looping_maze,40,40,"(20, 20)","(0, 0)",bfs_search,0.003574848175048828,1497,1461
8373f4c5-72e7-4d1d-ae17-236e73d76e18,looping_maze,40,40,"(20, 20)","(0, 0)",astar_search,0.011685848236083984,50,49
0f130342-1a18-4b60-878d-db75082f4aad,looping_maze,40,40,"(20, 20)","(0, 0)",dfs_search,0.005167961120605469,1122,914
0f130342-1a18-4b60-878d-db75082f4aad,looping_maze,40,40,"(20, 20)","(0, 0)",bfs_search,0.00693202018737793,1601,1596
0f130342-1a18-4b60-878d-db75082f4aad,looping_maze,40,40,"(20, 20)","(0, 0)",astar_search,0.025027751922607422,147,146
7a14a750-1ca1-45ab-935b-f9a988bc7395,looping_maze,40,40,"(20, 20)","(0, 0)",dfs_search,0.0034830570220947266,1398,1158
7a14a750-1ca1-45ab-935b-f9a988bc7395,looping_maze,40,40,"(20, 20)","(0, 0)",bfs_search,0.0052530765533447266,1598,1590
7a14a750-1ca1-45ab-935b-f9a988bc7395,looping_maze,40,40,"(20, 20)","(0, 0)",astar_search,0.011369943618774414,59,58
b6b8b7a6-67c1-4fb5-90da-acefe02e89fb,looping_maze,40,40,"(20, 20)","(0, 0)",dfs_search,0.0033769607543945312,1494,1322
b6b8b7a6-67c1-4fb5-90da-acefe02e89fb,looping_maze,40,40,"(20, 20)","(0, 0)",bfs_search,0.003512144088745117,1404,1354
b6b8b7a6-67c1-4fb5-90da-acefe02e89fb,looping_maze,40,40,"(20, 20)","(0, 0)",astar_search,0.015263080596923828,60,59
27cb16c3-f1b1-4830-87da-2b22d4184ada,looping_maze,40,40,"(20, 20)","(0, 0)",dfs_search,0.0031890869140625,1323,1109
27cb16c3-f1b1-4830-87da-2b22d4184ada,looping_maze,40,40,"(20, 20)","(0, 0)",bfs_search,0.004453897476196289,1463,1424
27cb16c3-f1b1-4830-87da-2b22d4184ada,looping_maze,40,40,"(20, 20)","(0, 0)",astar_search,0.014322280883789062,72,71
4160c20a-1a0b-4869-bbe2-c0858ea5c75f,looping_maze,40,40,"(20, 20)","(0, 0)",dfs_search,0.004456996917724609,1481,1238
4160c20a-1a0b-4869-bbe2-c0858ea5c75f,looping_maze,40,40,"(20, 20)","(0, 0)",bfs_search,0.004473209381103516,1441,1419
4160c20a-1a0b-4869-bbe2-c0858ea5c75f,looping_maze,40,40,"(20, 20)","(0, 0)",astar_search,0.013974905014038086,74,73
c6402f95-3b51-419e-9d90-0d13db88581c,looping_maze,40,40,"(20, 20)","(0, 0)",dfs_search,0.0039081573486328125,1515,1323
c6402f95-3b51-419e-9d90-0d13db88581c,looping_maze,40,40,"(20, 20)","(0, 0)",bfs_search,0.0037126541137695312,1566,1547
c6402f95-3b51-419e-9d90-0d13db88581c,looping_maze,40,40,"(20, 20)","(0, 0)",astar_search,0.0282437801361084,170,169
285c14c0-d640-4dfa-83fe-171066dbe9c3,looping_maze,40,40,"(20, 20)","(0, 0)",dfs_search,0.004190921783447266,1198,973
285c14c0-d640-4dfa-83fe-171066dbe9c3,looping_maze,40,40,"(20, 20)","(0, 0)",bfs_search,0.004266023635864258,1579,1565
285c14c0-d640-4dfa-83fe-171066dbe9c3,looping_maze,40,40,"(20, 20)","(0, 0)",astar_search,0.028156042098999023,153,152
3efde26e-729b-46e3-ab03-0c64f6584c53,looping_maze,40,40,"(20, 20)","(0, 0)",dfs_search,0.0046999454498291016,1485,1331
3efde26e-729b-46e3-ab03-0c64f6584c53,looping_maze,40,40,"(20, 20)","(0, 0)",bfs_search,0.0034961700439453125,1520,1487
3efde26e-729b-46e3-ab03-0c64f6584c53,looping_maze,40,40,"(20, 20)","(0, 0)",astar_search,0.016997814178466797,89,88
9fa9558a-c691-4295-b6cc-e40441340176,looping_maze,40,40,"(20, 20)","(0, 0)",dfs_search,0.004495143890380859,1342,1118
9fa9558a-c691-4295-b6cc-e40441340176,looping_maze,40,40,"(20, 20)","(0, 0)",bfs_search,0.004181861877441406,1536,1509
9fa9558a-c691-4295-b6cc-e40441340176,looping_maze,40,40,"(20, 20)","(0, 0)",astar_search,0.023296117782592773,133,132
21ed0dfc-f4bc-4dc2-8f05-28760cb50713,looping_maze,40,40,"(20, 20)","(0, 0)",dfs_search,0.0028269290924072266,1368,1189
21ed0dfc-f4bc-4dc2-8f05-28760cb50713,looping_maze,40,40,"(20, 20)","(0, 0)",bfs_search,0.005197048187255859,1219,1173
21ed0dfc-f4bc-4dc2-8f05-28760cb50713,looping_maze,40,40,"(20, 20)","(0, 0)",astar_search,0.012110233306884766,59,58
4fb02964-3a21-4802-ade1-04ada90673a0,looping_maze,40,40,"(20, 20)","(0, 0)",dfs_search,0.004224061965942383,1417,1192
4fb02964-3a21-4802-ade1-04ada90673a0,looping_maze,40,40,"(20, 20)","(0, 0)",bfs_search,0.004639863967895508,1574,1557
4fb02964-3a21-4802-ade1-04ada90673a0,looping_maze,40,40,"(20, 20)","(0, 0)",astar_search,0.016716718673706055,84,83
4b052e3c-ab99-4a7a-9afb-96cd105e36cd,looping_maze,40,40,"(20, 20)","(0, 0)",dfs_search,0.004204750061035156,1341,1109
4b052e3c-ab99-4a7a-9afb-96cd105e36cd,looping_maze,40,40,"(20, 20)","(0, 0)",bfs_search,0.005669116973876953,1586,1568
4b052e3c-ab99-4a7a-9afb-96cd105e36cd,looping_maze,40,40,"(20, 20)","(0, 0)",astar_search,0.010593891143798828,72,71
6a34c571-48ae-4d5a-9777-3ed9cbb86647,looping_maze,40,40,"(20, 20)","(0, 0)",dfs_search,0.004125833511352539,1452,1257
6a34c571-48ae-4d5a-9777-3ed9cbb86647,looping_maze,40,40,"(20, 20)","(0, 0)",bfs_search,0.005935192108154297,1505,1479
6a34c571-48ae-4d5a-9777-3ed9cbb86647,looping_maze,40,40,"(20, 20)","(0, 0)",astar_search,0.015175104141235352,72,71
40d49787-01af-4cbf-a5cb-0da946d39674,looping_maze,40,40,"(20, 20)","(0, 0)",dfs_search,0.004415273666381836,1292,1054
40d49787-01af-4cbf-a5cb-0da946d39674,looping_maze,40,40,"(20, 20)","(0, 0)",bfs_search,0.003838062286376953,1551,1536
40d49787-01af-4cbf-a5cb-0da946d39674,looping_maze,40,40,"(20, 20)","(0, 0)",astar_search,0.01941514015197754,95,94
a8f7392c-0007-49e0-aa40-41c5e80a07ca,looping_maze,40,40,"(20, 20)","(0, 0)",dfs_search,0.000972747802734375,1177,951
a8f7392c-0007-49e0-aa40-41c5e80a07ca,looping_maze,40,40,"(20, 20)","(0, 0)",bfs_search,0.006494045257568359,1583,1565
a8f7392c-0007-49e0-aa40-41c5e80a07ca,looping_maze,40,40,"(20, 20)","(0, 0)",astar_search,0.017362356185913086,81,80
494e7e2e-d078-49c6-ac96-d5d2f2b015a9,labyrinth,40,40,"(20, 20)","(0, 0)",dfs_search,0.0060977935791015625,1591,1583
494e7e2e-d078-49c6-ac96-d5d2f2b015a9,labyrinth,40,40,"(20, 20)","(0, 0)",bfs_search,0.0023581981658935547,492,489
494e7e2e-d078-49c6-ac96-d5d2f2b015a9,labyrinth,40,40,"(20, 20)","(0, 0)",astar_search,0.05654501914978027,490,489
aa01bf33-7c46-4fc0-add2-f797c506092a,labyrinth,40,40,"(20, 20)","(0, 0)",dfs_search,0.004279613494873047,1586,1572
aa01bf33-7c46-4fc0-add2-f797c506092a,labyrinth,40,40,"(20, 20)","(0, 0)",bfs_search,0.003990650177001953,834,828
aa01bf33-7c46-4fc0-add2-f797c506092a,labyrinth,40,40,"(20, 20)","(0, 0)",astar_search,0.06420588493347168,634,633
fce741a9-3a99-48c9-8418-9a9664a1c9bb,labyrinth,40,40,"(20, 20)","(0, 0)",dfs_search,0.0049593448638916016,1532,1513
fce741a9-3a99-48c9-8418-9a9664a1c9bb,labyrinth,40,40,"(20, 20)","(0, 0)",bfs_search,0.002373933792114258,987,983
fce741a9-3a99-48c9-8418-9a9664a1c9bb,labyrinth,40,40,"(20, 20)","(0, 0)",astar_search,0.07504701614379883,907,906
481d7fbf-700d-46d8-99c9-b9d17b1cb0c0,labyrinth,40,40,"(20, 20)","(0, 0)",dfs_search,0.003602743148803711,1495,1465
481d7fbf-700d-46d8-99c9-b9d17b1cb0c0,labyrinth,40,40,"(20, 20)","(0, 0)",bfs_search,0.002935171127319336,1179,1176
481d7fbf-700d-46d8-99c9-b9d17b1cb0c0,labyrinth,40,40,"(20, 20)","(0, 0)",astar_search,0.08457016944885254,1169,1168
f677a2f9-7ffd-4492-8f44-e00e63142c17,labyrinth,40,40,"(20, 20)","(0, 0)",dfs_search,0.003725767135620117,1549,1537
f677a2f9-7ffd-4492-8f44-e00e63142c17,labyrinth,40,40,"(20, 20)","(0, 0)",bfs_search,0.0052530765533447266,987,983
f677a2f9-7ffd-4492-8f44-e00e63142c17,labyrinth,40,40,"(20, 20)","(0, 0)",astar_search,0.07518792152404785,897,896
f4967112-53f2-405b-9d02-26c16d79a584,labyrinth,40,40,"(20, 20)","(0, 0)",dfs_search,0.0036869049072265625,1561,1554
f4967112-53f2-405b-9d02-26c16d79a584,labyrinth,40,40,"(20, 20)","(0, 0)",bfs_search,0.002374887466430664,654,650
f4967112-53f2-405b-9d02-26c16d79a584,labyrinth,40,40,"(20, 20)","(0, 0)",astar_search,0.06383991241455078,618,617
a55d5925-8747-4307-901a-ebeb04e724db,labyrinth,40,40,"(20, 20)","(0, 0)",dfs_search,0.0022721290588378906,541,529
a55d5925-8747-4307-901a-ebeb04e724db,labyrinth,40,40,"(20, 20)","(0, 0)",bfs_search,0.002131223678588867,542,539
a55d5925-8747-4307-901a-ebeb04e724db,labyrinth,40,40,"(20, 20)","(0, 0)",astar_search,0.05991697311401367,537,536
ab5f3873-c336-443b-9087-93a9b5334e1c,labyrinth,40,40,"(20, 20)","(0, 0)",dfs_search,0.003885030746459961,1547,1532
ab5f3873-c336-443b-9087-93a9b5334e1c,labyrinth,40,40,"(20, 20)","(0, 0)",bfs_search,0.0018877983093261719,701,698
ab5f3873-c336-443b-9087-93a9b5334e1c,labyrinth,40,40,"(20, 20)","(0, 0)",astar_search,0.06736993789672852,690,689
c60797ef-ced1-4788-a3d7-ce9b6600e1ea,labyrinth,40,40,"(20, 20)","(0, 0)",dfs_search,0.0005071163177490234,132,129
c60797ef-ced1-4788-a3d7-ce9b6600e1ea,labyrinth,40,40,"(20, 20)","(0, 0)",bfs_search,0.0004870891571044922,121,118
c60797ef-ced1-4788-a3d7-ce9b6600e1ea,labyrinth,40,40,"(20, 20)","(0, 0)",astar_search,0.02132415771484375,119,118
6e92a15a-c603-4257-936c-104d52ce7c0f,labyrinth,40,40,"(20, 20)","(0, 0)",dfs_search,0.0031871795654296875,1203,1186
6e92a15a-c603-4257-936c-104d52ce7c0f,labyrinth,40,40,"(20, 20)","(0, 0)",bfs_search,0.0042858123779296875,1449,1444
6e92a15a-c603-4257-936c-104d52ce7c0f,labyrinth,40,40,"(20, 20)","(0, 0)",astar_search,0.08554506301879883,1265,1264
dc7f9a96-4741-419c-b94f-d2fedd248a35,labyrinth,40,40,"(20, 20)","(0, 0)",dfs_search,0.00563812255859375,1559,1534
dc7f9a96-4741-419c-b94f-d2fedd248a35,labyrinth,40,40,"(20, 20)","(0, 0)",bfs_search,0.0040090084075927734,1598,1595
dc7f9a96-4741-419c-b94f-d2fedd248a35,labyrinth,40,40,"(20, 20)","(0, 0)",astar_search,0.08460116386413574,1591,1590
91f7b3fc-ca1c-469d-b4e8-9596293e5053,labyrinth,40,40,"(20, 20)","(0, 0)",dfs_search,0.005871772766113281,1527,1502
91f7b3fc-ca1c-469d-b4e8-9596293e5053,labyrinth,40,40,"(20, 20)","(0, 0)",bfs_search,0.0053348541259765625,1369,1365
91f7b3fc-ca1c-469d-b4e8-9596293e5053,labyrinth,40,40,"(20, 20)","(0, 0)",astar_search,0.044521331787109375,1293,1292
a0bf22fd-ecce-4314-9e8e-ccb3c6847baa,labyrinth,40,40,"(20, 20)","(0, 0)",dfs_search,0.003175020217895508,1401,1375
a0bf22fd-ecce-4314-9e8e-ccb3c6847baa,labyrinth,40,40,"(20, 20)","(0, 0)",bfs_search,0.004042863845825195,1214,1208
a0bf22fd-ecce-4314-9e8e-ccb3c6847baa,labyrinth,40,40,"(20, 20)","(0, 0)",astar_search,0.07976293563842773,1046,1045
cb292dac-0a2a-438d-817c-81186f4d42c5,labyrinth,40,40,"(20, 20)","(0, 0)",dfs_search,0.003905773162841797,1564,1546
cb292dac-0a2a-438d-817c-81186f4d42c5,labyrinth,40,40,"(20, 20)","(0, 0)",bfs_search,0.004085063934326172,837,834
cb292dac-0a2a-438d-817c-81186f4d42c5,labyrinth,40,40,"(20, 20)","(0, 0)",astar_search,0.07206392288208008,808,807
9cd8003c-7815-4762-8ebf-bfe75c7e5e7f,labyrinth,40,40,"(20, 20)","(0, 0)",dfs_search,0.003688335418701172,1416,1398
9cd8003c-7815-4762-8ebf-bfe75c7e5e7f,labyrinth,40,40,"(20, 20)","(0, 0)",bfs_search,0.004683017730712891,1157,1151
9cd8003c-7815-4762-8ebf-bfe75c7e5e7f,labyrinth,40,40,"(20, 20)","(0, 0)",astar_search,0.0796809196472168,1064,1063
deb6feb7-b656-4867-b2c1-86de3a0b4408,labyrinth,40,40,"(20, 20)","(0, 0)",dfs_search,0.004891872406005859,1593,1590
deb6feb7-b656-4867-b2c1-86de3a0b4408,labyrinth,40,40,"(20, 20)","(0, 0)",bfs_search,0.0008840560913085938,186,183
deb6feb7-b656-4867-b2c1-86de3a0b4408,labyrinth,40,40,"(20, 20)","(0, 0)",astar_search,0.027617931365966797,162,161
0f50f2cd-0864-4058-a39a-77860f7bf4f1,labyrinth,40,40,"(20, 20)","(0, 0)",dfs_search,0.004766941070556641,1567,1553
0f50f2cd-0864-4058-a39a-77860f7bf4f1,labyrinth,40,40,"(20, 20)","(0, 0)",bfs_search,0.0015330314636230469,616,608
0f50f2cd-0864-4058-a39a-77860f7bf4f1,labyrinth,40,40,"(20, 20)","(0, 0)",astar_search,0.06002521514892578,569,568
aacb6b39-d943-455f-a789-d70d0aeeb86d,labyrinth,40,40,"(20, 20)","(0, 0)",dfs_search,0.004850864410400391,1461,1437
aacb6b39-d943-455f-a789-d70d0aeeb86d,labyrinth,40,40,"(20, 20)","(0, 0)",bfs_search,0.005604982376098633,1587,1585
aacb6b39-d943-455f-a789-d70d0aeeb86d,labyrinth,40,40,"(20, 20)","(0, 0)",astar_search,0.08661079406738281,1529,1528
4c145a05-ae1f-4b47-bdae-ea28b7d13636,labyrinth,40,40,"(20, 20)","(0, 0)",dfs_search,0.004039764404296875,1571,1559
4c145a05-ae1f-4b47-bdae-ea28b7d13636,labyrinth,40,40,"(20, 20)","(0, 0)",bfs_search,0.0022568702697753906,744,740
4c145a05-ae1f-4b47-bdae-ea28b7d13636,labyrinth,40,40,"(20, 20)","(0, 0)",astar_search,0.06735634803771973,673,672
a6896bb6-fba9-4b20-ab1c-3b67c5b7e84b,labyrinth,40,40,"(20, 20)","(0, 0)",dfs_search,0.0031299591064453125,728,720
a6896bb6-fba9-4b20-ab1c-3b67c5b7e84b,labyrinth,40,40,"(20, 20)","(0, 0)",bfs_search,0.002395153045654297,733,731
a6896bb6-fba9-4b20-ab1c-3b67c5b7e84b,labyrinth,40,40,"(20, 20)","(0, 0)",astar_search,0.0698862075805664,732,731
c139c912-ec85-48fd-a139-b1003d1591fa,labyrinth,40,40,"(20, 20)","(0, 0)",dfs_search,0.004397869110107422,1585,1576
c139c912-ec85-48fd-a139-b1003d1591fa,labyrinth,40,40,"(20, 20)","(0, 0)",bfs_search,0.0021691322326660156,561,557
c139c912-ec85-48fd-a139-b1003d1591fa,labyrinth,40,40,"(20, 20)","(0, 0)",astar_search,0.05709981918334961,504,503
b8676aa2-8d2f-4d73-a5c7-11540bfcab7c,labyrinth,40,40,"(20, 20)","(0, 0)",dfs_search,0.0038738250732421875,1567,1561
b8676aa2-8d2f-4d73-a5c7-11540bfcab7c,labyrinth,40,40,"(20, 20)","(0, 0)",bfs_search,0.0019121170043945312,481,476
b8676aa2-8d2f-4d73-a5c7-11540bfcab7c,labyrinth,40,40,"(20, 20)","(0, 0)",astar_search,0.04984617233276367,403,402
52b3fb2e-4a2d-436c-8d3d-27b8562d0346,labyrinth,40,40,"(20, 20)","(0, 0)",dfs_search,0.00090789794921875,350,342
52b3fb2e-4a2d-436c-8d3d-27b8562d0346,labyrinth,40,40,"(20, 20)","(0, 0)",bfs_search,0.001119852066040039,356,354
52b3fb2e-4a2d-436c-8d3d-27b8562d0346,labyrinth,40,40,"(20, 20)","(0, 0)",astar_search,0.04526686668395996,352,351
5e1f5882-43ef-45f8-b13f-8204fe07adc9,labyrinth,40,40,"(20, 20)","(0, 0)",dfs_search,0.0047838687896728516,1376,1345
5e1f5882-43ef-45f8-b13f-8204fe07adc9,labyrinth,40,40,"(20, 20)","(0, 0)",bfs_search,0.004783153533935547,1405,1400
5e1f5882-43ef-45f8-b13f-8204fe07adc9,labyrinth,40,40,"(20, 20)","(0, 0)",astar_search,0.0835881233215332,1270,1269
9f76c231-04f2-4600-aa88-a36800a765c9,labyrinth,40,40,"(20, 20)","(0, 0)",dfs_search,0.0029866695404052734,1361,1349
9f76c231-04f2-4600-aa88-a36800a765c9,labyrinth,40,40,"(20, 20)","(0, 0)",bfs_search,0.004477977752685547,1540,1537
9f76c231-04f2-4600-aa88-a36800a765c9,labyrinth,40,40,"(20, 20)","(0, 0)",astar_search,0.08696866035461426,1531,1530
618a0f0e-a82c-428d-b936-34a3735b70f6,labyrinth,40,40,"(20, 20)","(0, 0)",dfs_search,0.004590749740600586,1567,1560
618a0f0e-a82c-428d-b936-34a3735b70f6,labyrinth,40,40,"(20, 20)","(0, 0)",bfs_search,0.0012080669403076172,401,398
618a0f0e-a82c-428d-b936-34a3735b70f6,labyrinth,40,40,"(20, 20)","(0, 0)",astar_search,0.050848960876464844,394,393
c2608b8d-d44d-4fef-a691-c2032a40bbf3,labyrinth,40,40,"(20, 20)","(0, 0)",dfs_search,0.0054509639739990234,1552,1544
c2608b8d-d44d-4fef-a691-c2032a40bbf3,labyrinth,40,40,"(20, 20)","(0, 0)",bfs_search,0.002258777618408203,491,483
c2608b8d-d44d-4fef-a691-c2032a40bbf3,labyrinth,40,40,"(20, 20)","(0, 0)",astar_search,0.05393528938293457,451,450
0da0baa2-9548-44c7-860e-db54328bb000,labyrinth,40,40,"(20, 20)","(0, 0)",dfs_search,0.004006862640380859,1355,1333
0da0baa2-9548-44c7-860e-db54328bb000,labyrinth,40,40,"(20, 20)","(0, 0)",bfs_search,0.004434347152709961,1582,1580
0da0baa2-9548-44c7-860e-db54328bb000,labyrinth,40,40,"(20, 20)","(0, 0)",astar_search,0.08688616752624512,1567,1566
ef037136-2207-47b5-9642-7fa8f46d6292,labyrinth,40,40,"(20, 20)","(0, 0)",dfs_search,0.003918886184692383,1483,1476
ef037136-2207-47b5-9642-7fa8f46d6292,labyrinth,40,40,"(20, 20)","(0, 0)",bfs_search,0.0028748512268066406,997,992
ef037136-2207-47b5-9642-7fa8f46d6292,labyrinth,40,40,"(20, 20)","(0, 0)",astar_search,0.0765841007232666,917,916
ec729892-a034-4a1d-a00a-ce9888dc9048,labyrinth,40,40,"(20, 20)","(0, 0)",dfs_search,0.0026259422302246094,1559,1545
ec729892-a034-4a1d-a00a-ce9888dc9048,labyrinth,40,40,"(20, 20)","(0, 0)",bfs_search,0.004545927047729492,1259,1250
ec729892-a034-4a1d-a00a-ce9888dc9048,labyrinth,40,40,"(20, 20)","(0, 0)",astar_search,0.08214211463928223,1097,1096
5a9c8913-8714-4320-b512-699d7d5b9100,labyrinth,40,40,"(20, 20)","(0, 0)",dfs_search,0.004553794860839844,1360,1343
5a9c8913-8714-4320-b512-699d7d5b9100,labyrinth,40,40,"(20, 20)","(0, 0)",bfs_search,0.005212068557739258,1172,1168
5a9c8913-8714-4320-b512-699d7d5b9100,labyrinth,40,40,"(20, 20)","(0, 0)",astar_search,0.07998991012573242,1071,1070
7221a382-7d76-4f9c-b414-16f4322abf22,labyrinth,40,40,"(20, 20)","(0, 0)",dfs_search,0.00401616096496582,1471,1454
7221a382-7d76-4f9c-b414-16f4322abf22,labyrinth,40,40,"(20, 20)","(0, 0)",bfs_search,0.0021638870239257812,713,709
7221a382-7d76-4f9c-b414-16f4322abf22,labyrinth,40,40,"(20, 20)","(0, 0)",astar_search,0.06356406211853027,657,656
42541a36-9575-4d65-958b-f533df832a48,labyrinth,40,40,"(20, 20)","(0, 0)",dfs_search,0.0006797313690185547,132,128
42541a36-9575-4d65-958b-f533df832a48,labyrinth,40,40,"(20, 20)","(0, 0)",bfs_search,0.0005576610565185547,128,125
42541a36-9575-4d65-958b-f533df832a48,labyrinth,40,40,"(20, 20)","(0, 0)",astar_search,0.022083044052124023,123,122
41a898b4-2b4e-4c63-90d4-aecd38261cfa,labyrinth,40,40,"(20, 20)","(0, 0)",dfs_search,0.005787849426269531,1303,1277
41a898b4-2b4e-4c63-90d4-aecd38261cfa,labyrinth,40,40,"(20, 20)","(0, 0)",bfs_search,0.00626683235168457,1589,1584
41a898b4-2b4e-4c63-90d4-aecd38261cfa,labyrinth,40,40,"(20, 20)","(0, 0)",astar_search,0.08707118034362793,1532,1531
2eb159e3-8490-4bdb-b37c-554f0513c852,labyrinth,40,40,"(20, 20)","(0, 0)",dfs_search,0.006695985794067383,1578,1571
2eb159e3-8490-4bdb-b37c-554f0513c852,labyrinth,40,40,"(20, 20)","(0, 0)",bfs_search,0.002307891845703125,717,713
2eb159e3-8490-4bdb-b37c-554f0513c852,labyrinth,40,40,"(20, 20)","(0, 0)",astar_search,0.06349301338195801,613,612
d836e08f-cad2-4404-8bde-3bc924702efc,labyrinth,40,40,"(20, 20)","(0, 0)",dfs_search,0.004187822341918945,1368,1359
d836e08f-cad2-4404-8bde-3bc924702efc,labyrinth,40,40,"(20, 20)","(0, 0)",bfs_search,0.0023758411407470703,658,653
d836e08f-cad2-4404-8bde-3bc924702efc,labyrinth,40,40,"(20, 20)","(0, 0)",astar_search,0.047163963317871094,581,580
fe7f0c9c-a2eb-4b5d-b327-360e87386a41,labyrinth,40,40,"(20, 20)","(0, 0)",dfs_search,0.002986907958984375,958,941
fe7f0c9c-a2eb-4b5d-b327-360e87386a41,labyrinth,40,40,"(20, 20)","(0, 0)",bfs_search,0.002691030502319336,953,950
fe7f0c9c-a2eb-4b5d-b327-360e87386a41,labyrinth,40,40,"(20, 20)","(0, 0)",astar_search,0.07132291793823242,772,771
d6ab61ec-7608-41b8-80b6-ad0eddad5952,looping_maze,20,20,"(10, 10)","(0, 0)",dfs_search,0.0008592605590820312,345,262
d6ab61ec-7608-41b8-80b6-ad0eddad5952,looping_maze,20,20,"(10, 10)","(0, 0)",bfs_search,0.0012941360473632812,334,311
d6ab61ec-7608-41b8-80b6-ad0eddad5952,looping_maze,20,20,"(10, 10)","(0, 0)",astar_search,0.0020818710327148438,41,40
9f80cf3b-28ec-41b7-8401-6d389cf1189d,looping_maze,20,20,"(10, 10)","(0, 0)",dfs_search,0.0007779598236083984,316,245
9f80cf3b-28ec-41b7-8401-6d389cf1189d,looping_maze,20,20,"(10, 10)","(0, 0)",bfs_search,0.0013427734375,398,391
9f80cf3b-28ec-41b7-8401-6d389cf1189d,looping_maze,20,20,"(10, 10)","(0, 0)",astar_search,0.003665924072265625,41,40
512b14ac-a497-406a-9dfa-abe469422f84,looping_maze,20,20,"(10, 10)","(0, 0)",dfs_search,0.001165628433227539,385,322
512b14ac-a497-406a-9dfa-abe469422f84,looping_maze,20,20,"(10, 10)","(0, 0)",bfs_search,0.0012078285217285156,395,381
512b14ac-a497-406a-9dfa-abe469422f84,looping_maze,20,20,"(10, 10)","(0, 0)",astar_search,0.002961874008178711,36,35
c76537c5-064a-4c64-8e3a-abd6f83eeff8,looping_maze,20,20,"(10, 10)","(0, 0)",dfs_search,0.0009930133819580078,336,273
c76537c5-064a-4c64-8e3a-abd6f83eeff8,looping_maze,20,20,"(10, 10)","(0, 0)",bfs_search,0.001981973648071289,401,397
c76537c5-064a-4c64-8e3a-abd6f83eeff8,looping_maze,20,20,"(10, 10)","(0, 0)",astar_search,0.0075609683990478516,154,153
50723b8d-e61b-4fdf-9e33-fbbf480d4af6,looping_maze,20,20,"(10, 10)","(0, 0)",dfs_search,0.0008788108825683594,357,287
50723b8d-e61b-4fdf-9e33-fbbf480d4af6,looping_maze,20,20,"(10, 10)","(0, 0)",bfs_search,0.0012760162353515625,376,361
50723b8d-e61b-4fdf-9e33-fbbf480d4af6,looping_maze,20,20,"(10, 10)","(0, 0)",astar_search,0.0015869140625,26,25
4e2a0c4c-dda6-4b51-b3b8-e9714bb0badb,looping_maze,20,20,"(10, 10)","(0, 0)",dfs_search,0.0009353160858154297,394,352
4e2a0c4c-dda6-4b51-b3b8-e9714bb0badb,looping_maze,20,20,"(10, 10)","(0, 0)",bfs_search,0.0008730888366699219,145,125
4e2a0c4c-dda6-4b51-b3b8-e9714bb0badb,looping_maze,20,20,"(10, 10)","(0, 0)",astar_search,0.0012710094451904297,25,24
874c17b8-78f5-4fbe-a920-b766e39d01b5,looping_maze,20,20,"(10, 10)","(0, 0)",dfs_search,0.001641988754272461,351,297
874c17b8-78f5-4fbe-a920-b766e39d01b5,looping_maze,20,20,"(10, 10)","(0, 0)",bfs_search,0.0015690326690673828,257,229
874c17b8-78f5-4fbe-a920-b766e39d01b5,looping_maze,20,20,"(10, 10)","(0, 0)",astar_search,0.0017120838165283203,32,31
230dfc78-b146-40bd-8f4a-9b296d23d9a1,looping_maze,20,20,"(10, 10)","(0, 0)",dfs_search,0.0013570785522460938,383,338
230dfc78-b146-40bd-8f4a-9b296d23d9a1,looping_maze,20,20,"(10, 10)","(0, 0)",bfs_search,0.0005478858947753906,399,397
230dfc78-b146-40bd-8f4a-9b296d23d9a1,looping_maze,20,20,"(10, 10)","(0, 0)",astar_search,0.00464320182800293,93,92
704a6b8e-3f61-43d2-893f-cd187dee9032,looping_maze,20,20,"(10, 10)","(0, 0)",dfs_search,0.0020189285278320312,393,361
704a6b8e-3f61-43d2-893f-cd187dee9032,looping_maze,20,20,"(10, 10)","(0, 0)",bfs_search,0.0006957054138183594,270,252
704a6b8e-3f61-43d2-893f-cd187dee9032,looping_maze,20,20,"(10, 10)","(0, 0)",astar_search,0.004342079162597656,39,38
ab3fe8e2-f9ab-4f76-bb92-ff36a87b1fa3,looping_maze,20,20,"(10, 10)","(0, 0)",dfs_search,0.0009770393371582031,281,219
ab3fe8e2-f9ab-4f76-bb92-ff36a87b1fa3,looping_maze,20,20,"(10, 10)","(0, 0)",bfs_search,0.002162933349609375,393,381
ab3fe8e2-f9ab-4f76-bb92-ff36a87b1fa3,looping_maze,20,20,"(10, 10)","(0, 0)",astar_search,0.005498170852661133,103,102
eced1d56-6fc9-49d6-8ba9-e4ad3a512604,looping_maze,20,20,"(10, 10)","(0, 0)",dfs_search,0.0018649101257324219,344,274
eced1d56-6fc9-49d6-8ba9-e4ad3a512604,looping_maze,20,20,"(10, 10)","(0, 0)",bfs_search,0.0007829666137695312,296,274
eced1d56-6fc9-49d6-8ba9-e4ad3a512604,looping_maze,20,20,"(10, 10)","(0, 0)",astar_search,0.004250049591064453,54,53
60c02b28-9196-448c-85bb-8802e47035ef,looping_maze,20,20,"(10, 10)","(0, 0)",dfs_search,0.0013267993927001953,388,339
60c02b28-9196-448c-85bb-8802e47035ef,looping_maze,20,20,"(10, 10)","(0, 0)",bfs_search,0.001180887222290039,351,337
60c02b28-9196-448c-85bb-8802e47035ef,looping_maze,20,20,"(10, 10)","(0, 0)",astar_search,0.0027360916137695312,44,43
da2a2a3c-e818-435d-b196-a847c16745a8,looping_maze,20,20,"(10, 10)","(0, 0)",dfs_search,0.0007560253143310547,364,292
da2a2a3c-e818-435d-b196-a847c16745a8,looping_maze,20,20,"(10, 10)","(0, 0)",bfs_search,0.0012600421905517578,382,367
da2a2a3c-e818-435d-b196-a847c16745a8,looping_maze,20,20,"(10, 10)","(0, 0)",astar_search,0.001940011978149414,35,34
f1c4ec59-f2c4-48b4-b400-a4c9fa594758,looping_maze,20,20,"(10, 10)","(0, 0)",dfs_search,0.000782012939453125,270,216
f1c4ec59-f2c4-48b4-b400-a4c9fa594758,looping_maze,20,20,"(10, 10)","(0, 0)",bfs_search,0.0008718967437744141,286,259
f1c4ec59-f2c4-48b4-b400-a4c9fa594758,looping_maze,20,20,"(10, 10)","(0, 0)",astar_search,0.001995086669921875,24,23
b6ab7ca2-9721-422f-a5c8-32d050aaa605,looping_maze,20,20,"(10, 10)","(0, 0)",dfs_search,0.001264810562133789,357,298
b6ab7ca2-9721-422f-a5c8-32d050aaa605,looping_maze,20,20,"(10, 10)","(0, 0)",bfs_search,0.0006430149078369141,270,242
b6ab7ca2-9721-422f-a5c8-32d050aaa605,looping_maze,20,20,"(10, 10)","(0, 0)",astar_search,0.004062175750732422,42,41
7adcef1d-0661-4182-8b42-db80aa321439,looping_maze,20,20,"(10, 10)","(0, 0)",dfs_search,0.0019562244415283203,365,302
7adcef1d-0661-4182-8b42-db80aa321439,looping_maze,20,20,"(10, 10)","(0, 0)",bfs_search,0.0009090900421142578,392,385
7adcef1d-0661-4182-8b42-db80aa321439,looping_maze,20,20,"(10, 10)","(0, 0)",astar_search,0.005839109420776367,126,125
e524e069-27d9-4980-be42-59e30ee58a86,looping_maze,20,20,"(10, 10)","(0, 0)",dfs_search,0.0016269683837890625,301,228
e524e069-27d9-4980-be42-59e30ee58a86,looping_maze,20,20,"(10, 10)","(0, 0)",bfs_search,0.0019330978393554688,390,382
e524e069-27d9-4980-be42-59e30ee58a86,looping_maze,20,20,"(10, 10)","(0, 0)",astar_search,0.0035552978515625,76,75
d7e27b00-04cc-47a3-9d03-7d1745bb71f8,looping_maze,20,20,"(10, 10)","(0, 0)",dfs_search,0.0008130073547363281,200,152
d7e27b00-04cc-47a3-9d03-7d1745bb71f8,looping_maze,20,20,"(10, 10)","(0, 0)",bfs_search,0.0019419193267822266,392,384
d7e27b00-04cc-47a3-9d03-7d1745bb71f8,looping_maze,20,20,"(10, 10)","(0, 0)",astar_search,0.004604816436767578,76,75
a024ffd9-5a14-4fda-9f4b-c22bb9eb480d,looping_maze,20,20,"(10, 10)","(0, 0)",dfs_search,0.00047516822814941406,212,171
a024ffd9-5a14-4fda-9f4b-c22bb9eb480d,looping_maze,20,20,"(10, 10)","(0, 0)",bfs_search,0.002277851104736328,334,311
a024ffd9-5a14-4fda-9f4b-c22bb9eb480d,looping_maze,20,20,"(10, 10)","(0, 0)",astar_search,0.0032167434692382812,30,29
16d38d14-449f-4bb2-859c-b9a975a0fcae,looping_maze,20,20,"(10, 10)","(0, 0)",dfs_search,0.001043081283569336,359,293
16d38d14-449f-4bb2-859c-b9a975a0fcae,looping_maze,20,20,"(10, 10)","(0, 0)",bfs_search,0.0018880367279052734,385,377
16d38d14-449f-4bb2-859c-b9a975a0fcae,looping_maze,20,20,"(10, 10)","(0, 0)",astar_search,0.004253864288330078,58,57
b62bc3a4-3abd-4499-8931-62da6fa14ba4,looping_maze,20,20,"(10, 10)","(0, 0)",dfs_search,0.0011320114135742188,384,336
b62bc3a4-3abd-4499-8931-62da6fa14ba4,looping_maze,20,20,"(10, 10)","(0, 0)",bfs_search,0.0008063316345214844,266,246
b62bc3a4-3abd-4499-8931-62da6fa14ba4,looping_maze,20,20,"(10, 10)","(0, 0)",astar_search,0.0019059181213378906,22,21
ec3a65a8-3603-444b-985f-c73aa1b63604,looping_maze,20,20,"(10, 10)","(0, 0)",dfs_search,0.0013780593872070312,323,268
ec3a65a8-3603-444b-985f-c73aa1b63604,looping_maze,20,20,"(10, 10)","(0, 0)",bfs_search,0.0012018680572509766,298,280
ec3a65a8-3603-444b-985f-c73aa1b63604,looping_maze,20,20,"(10, 10)","(0, 0)",astar_search,0.005944967269897461,78,77
9fdb6eb2-2f44-4832-9197-c6c1ff701b86,looping_maze,20,20,"(10, 10)","(0, 0)",dfs_search,0.0013158321380615234,360,290
9fdb6eb2-2f44-4832-9197-c6c1ff701b86,looping_maze,20,20,"(10, 10)","(0, 0)",bfs_search,0.0026428699493408203,396,393
9fdb6eb2-2f44-4832-9197-c6c1ff701b86,looping_maze,20,20,"(10, 10)","(0, 0)",astar_search,0.0030579566955566406,63,62
e191ed2f-af3f-4440-83e0-6e360c956541,looping_maze,20,20,"(10, 10)","(0, 0)",dfs_search,0.0019578933715820312,357,315
e191ed2f-af3f-4440-83e0-6e360c956541,looping_maze,20,20,"(10, 10)","(0, 0)",bfs_search,0.002115011215209961,357,336
e191ed2f-af3f-4440-83e0-6e360c956541,looping_maze,20,20,"(10, 10)","(0, 0)",astar_search,0.0018780231475830078,38,37
c3cb2839-f061-4619-b97e-c19e17a28d70,looping_maze,20,20,"(10, 10)","(0, 0)",dfs_search,0.001255035400390625,274,214
c3cb2839-f061-4619-b97e-c19e17a28d70,looping_maze,20,20,"(10, 10)","(0, 0)",bfs_search,0.0026559829711914062,387,378
c3cb2839-f061-4619-b97e-c19e17a28d70,looping_maze,20,20,"(10, 10)","(0, 0)",astar_search,0.003000974655151367,39,38
1dc9a37a-f3f7-4bb8-a005-a308d5627784,looping_maze,20,20,"(10, 10)","(0, 0)",dfs_search,0.0011551380157470703,385,333
1dc9a37a-f3f7-4bb8-a005-a308d5627784,looping_maze,20,20,"(10, 10)","(0, 0)",bfs_search,0.0012791156768798828,398,393
1dc9a37a-f3f7-4bb8-a005-a308d5627784,looping_maze,20,20,"(10, 10)","(0, 0)",astar_search,0.0020880699157714844,38,37
f3b9d209-919c-4e21-b31f-4e4e3c1816ae,looping_maze,20,20,"(10, 10)","(0, 0)",dfs_search,0.0004899501800537109,323,262
f3b9d209-919c-4e21-b31f-4e4e3c1816ae,looping_maze,20,20,"(10, 10)","(0, 0)",bfs_search,0.0021791458129882812,361,331
f3b9d209-919c-4e21-b31f-4e4e3c1816ae,looping_maze,20,20,"(10, 10)","(0, 0)",astar_search,0.002382993698120117,23,22
8c5beace-8fd8-466d-8da8-66f7c7768bd3,looping_maze,20,20,"(10, 10)","(0, 0)",dfs_search,0.0009770393371582031,346,301
8c5beace-8fd8-466d-8da8-66f7c7768bd3,looping_maze,20,20,"(10, 10)","(0, 0)",bfs_search,0.0017809867858886719,387,368
8c5beace-8fd8-466d-8da8-66f7c7768bd3,looping_maze,20,20,"(10, 10)","(0, 0)",astar_search,0.0022711753845214844,35,34
be02b027-4994-4906-99af-16c210a3fd53,looping_maze,20,20,"(10, 10)","(0, 0)",dfs_search,0.0008208751678466797,263,222
be02b027-4994-4906-99af-16c210a3fd53,looping_maze,20,20,"(10, 10)","(0, 0)",bfs_search,0.0002429485321044922,240,219
be02b027-4994-4906-99af-16c210a3fd53,looping_maze,20,20,"(10, 10)","(0, 0)",astar_search,0.004521846771240234,60,59
13a7c144-74ee-46c1-b7c6-2ec3a1f429e3,looping_maze,20,20,"(10, 10)","(0, 0)",dfs_search,0.0010590553283691406,301,241
13a7c144-74ee-46c1-b7c6-2ec3a1f429e3,looping_maze,20,20,"(10, 10)","(0, 0)",bfs_search,0.0011250972747802734,385,376
13a7c144-74ee-46c1-b7c6-2ec3a1f429e3,looping_maze,20,20,"(10, 10)","(0, 0)",astar_search,0.003167867660522461,55,54
5a1063c2-1593-4d46-ab52-cdd29ec06e34,looping_maze,20,20,"(10, 10)","(0, 0)",dfs_search,0.001798868179321289,282,247
5a1063c2-1593-4d46-ab52-cdd29ec06e34,looping_maze,20,20,"(10, 10)","(0, 0)",bfs_search,0.0003418922424316406,314,286
5a1063c2-1593-4d46-ab52-cdd29ec06e34,looping_maze,20,20,"(10, 10)","(0, 0)",astar_search,0.002949237823486328,24,23
51f62bab-3dad-45b0-b192-e122ca7bc49f,looping_maze,20,20,"(10, 10)","(0, 0)",dfs_search,0.0006129741668701172,293,232
51f62bab-3dad-45b0-b192-e122ca7bc49f,looping_maze,20,20,"(10, 10)","(0, 0)",bfs_search,0.0019261837005615234,401,398
51f62bab-3dad-45b0-b192-e122ca7bc49f,looping_maze,20,20,"(10, 10)","(0, 0)",astar_search,0.0062410831451416016,103,102
379efe96-11d8-457c-a5a4-573c93506f0a,looping_maze,20,20,"(10, 10)","(0, 0)",dfs_search,0.0011620521545410156,385,331
379efe96-11d8-457c-a5a4-573c93506f0a,looping_maze,20,20,"(10, 10)","(0, 0)",bfs_search,0.0007648468017578125,259,240
379efe96-11d8-457c-a5a4-573c93506f0a,looping_maze,20,20,"(10, 10)","(0, 0)",astar_search,0.0021991729736328125,21,20
164dfd54-b28b-49f4-803f-cdd04575f1fa,looping_maze,20,20,"(10, 10)","(0, 0)",dfs_search,0.0015637874603271484,270,211
164dfd54-b28b-49f4-803f-cdd04575f1fa,looping_maze,20,20,"(10, 10)","(0, 0)",bfs_search,0.0011718273162841797,397,389
164dfd54-b28b-49f4-803f-cdd04575f1fa,looping_maze,20,20,"(10, 10)","(0, 0)",astar_search,0.0035109519958496094,32,31
1681da9a-9aa5-4799-831c-99027d8da252,looping_maze,20,20,"(10, 10)","(0, 0)",dfs_search,0.0009877681732177734,366,329
1681da9a-9aa5-4799-831c-99027d8da252,looping_maze,20,20,"(10, 10)","(0, 0)",bfs_search,0.0019168853759765625,394,389
1681da9a-9aa5-4799-831c-99027d8da252,looping_maze,20,20,"(10, 10)","(0, 0)",astar_search,0.0043070316314697266,56,55
8b668f2a-dee0-44df-9fa7-a2052f9430ae,labyrinth,20,20,"(10, 10)","(0, 0)",dfs_search,0.0001838207244873047,32,30
8b668f2a-dee0-44df-9fa7-a2052f9430ae,labyrinth,20,20,"(10, 10)","(0, 0)",bfs_search,0.00014090538024902344,32,30
8b668f2a-dee0-44df-9fa7-a2052f9430ae,labyrinth,20,20,"(10, 10)","(0, 0)",astar_search,0.002972841262817383,31,30
8a2c1e62-b1dd-4659-b6a6-c62c164d0865,labyrinth,20,20,"(10, 10)","(0, 0)",dfs_search,0.0012218952178955078,393,386
8a2c1e62-b1dd-4659-b6a6-c62c164d0865,labyrinth,20,20,"(10, 10)","(0, 0)",bfs_search,0.0012178421020507812,398,396
8a2c1e62-b1dd-4659-b6a6-c62c164d0865,labyrinth,20,20,"(10, 10)","(0, 0)",astar_search,0.01057577133178711,372,371
5e08c9af-757a-42da-8289-d2f231672f87,labyrinth,20,20,"(10, 10)","(0, 0)",dfs_search,0.0003650188446044922,70,67
5e08c9af-757a-42da-8289-d2f231672f87,labyrinth,20,20,"(10, 10)","(0, 0)",bfs_search,0.0002949237823486328,73,71
5e08c9af-757a-42da-8289-d2f231672f87,labyrinth,20,20,"(10, 10)","(0, 0)",astar_search,0.003857851028442383,70,69
538d45fa-8d81-4a67-9dd7-bcd5b84a6a97,labyrinth,20,20,"(10, 10)","(0, 0)",dfs_search,0.0009899139404296875,348,340
538d45fa-8d81-4a67-9dd7-bcd5b84a6a97,labyrinth,20,20,"(10, 10)","(0, 0)",bfs_search,0.0006170272827148438,385,382
538d45fa-8d81-4a67-9dd7-bcd5b84a6a97,labyrinth,20,20,"(10, 10)","(0, 0)",astar_search,0.010764837265014648,367,366
747478c9-42f4-4d5d-b9eb-06fde0aa8825,labyrinth,20,20,"(10, 10)","(0, 0)",dfs_search,0.0010879039764404297,383,379
747478c9-42f4-4d5d-b9eb-06fde0aa8825,labyrinth,20,20,"(10, 10)","(0, 0)",bfs_search,0.00041222572326660156,100,97
747478c9-42f4-4d5d-b9eb-06fde0aa8825,labyrinth,20,20,"(10, 10)","(0, 0)",astar_search,0.0047342777252197266,91,90
afb49695-0efc-4f68-a31f-2d393c71d4a8,labyrinth,20,20,"(10, 10)","(0, 0)",dfs_search,0.0008158683776855469,381,370
afb49695-0efc-4f68-a31f-2d393c71d4a8,labyrinth,20,20,"(10, 10)","(0, 0)",bfs_search,0.0003132820129394531,344,339
afb49695-0efc-4f68-a31f-2d393c71d4a8,labyrinth,20,20,"(10, 10)","(0, 0)",astar_search,0.010467052459716797,306,305
645a0221-946d-41ad-8ed0-8643b3761fde,labyrinth,20,20,"(10, 10)","(0, 0)",dfs_search,0.0019330978393554688,371,365
645a0221-946d-41ad-8ed0-8643b3761fde,labyrinth,20,20,"(10, 10)","(0, 0)",bfs_search,0.0008411407470703125,322,319
645a0221-946d-41ad-8ed0-8643b3761fde,labyrinth,20,20,"(10, 10)","(0, 0)",astar_search,0.010625123977661133,304,303
d1dcb54e-4074-4985-b62d-85fdd586f60d,labyrinth,20,20,"(10, 10)","(0, 0)",dfs_search,0.0006117820739746094,378,373
d1dcb54e-4074-4985-b62d-85fdd586f60d,labyrinth,20,20,"(10, 10)","(0, 0)",bfs_search,0.0007810592651367188,309,305
d1dcb54e-4074-4985-b62d-85fdd586f60d,labyrinth,20,20,"(10, 10)","(0, 0)",astar_search,0.01226663589477539,266,265
acbc0e2c-115e-4a52-9a1e-1348d7b34ead,labyrinth,20,20,"(10, 10)","(0, 0)",dfs_search,0.0013239383697509766,354,348
acbc0e2c-115e-4a52-9a1e-1348d7b34ead,labyrinth,20,20,"(10, 10)","(0, 0)",bfs_search,0.0010769367218017578,333,329
acbc0e2c-115e-4a52-9a1e-1348d7b34ead,labyrinth,20,20,"(10, 10)","(0, 0)",astar_search,0.010596275329589844,318,317
76ef2482-07e4-4776-9bba-f33828e0c521,labyrinth,20,20,"(10, 10)","(0, 0)",dfs_search,0.001110076904296875,396,391
76ef2482-07e4-4776-9bba-f33828e0c521,labyrinth,20,20,"(10, 10)","(0, 0)",bfs_search,0.0007879734039306641,216,212
76ef2482-07e4-4776-9bba-f33828e0c521,labyrinth,20,20,"(10, 10)","(0, 0)",astar_search,0.008030891418457031,183,182
55ca290c-af2d-442a-82a3-8f72453b0644,labyrinth,20,20,"(10, 10)","(0, 0)",dfs_search,0.0008008480072021484,289,283
55ca290c-af2d-442a-82a3-8f72453b0644,labyrinth,20,20,"(10, 10)","(0, 0)",bfs_search,0.0007827281951904297,286,281
55ca290c-af2d-442a-82a3-8f72453b0644,labyrinth,20,20,"(10, 10)","(0, 0)",astar_search,0.008093118667602539,204,203
df5f622b-cc23-4716-821a-765d40afa8ed,labyrinth,20,20,"(10, 10)","(0, 0)",dfs_search,0.0018990039825439453,355,347
df5f622b-cc23-4716-821a-765d40afa8ed,labyrinth,20,20,"(10, 10)","(0, 0)",bfs_search,0.0010292530059814453,385,382
df5f622b-cc23-4716-821a-765d40afa8ed,labyrinth,20,20,"(10, 10)","(0, 0)",astar_search,0.01135110855102539,322,321
1620500d-3832-4bef-baf6-617238013ac9,labyrinth,20,20,"(10, 10)","(0, 0)",dfs_search,0.001786947250366211,376,370
1620500d-3832-4bef-baf6-617238013ac9,labyrinth,20,20,"(10, 10)","(0, 0)",bfs_search,0.0022268295288085938,378,373
1620500d-3832-4bef-baf6-617238013ac9,labyrinth,20,20,"(10, 10)","(0, 0)",astar_search,0.010895967483520508,324,323
324a251c-349e-4d63-abf1-5808d3bfddde,labyrinth,20,20,"(10, 10)","(0, 0)",dfs_search,0.00174713134765625,379,373
324a251c-349e-4d63-abf1-5808d3bfddde,labyrinth,20,20,"(10, 10)","(0, 0)",bfs_search,0.0022249221801757812,386,380
324a251c-349e-4d63-abf1-5808d3bfddde,labyrinth,20,20,"(10, 10)","(0, 0)",astar_search,0.012398004531860352,295,294
42c503e8-6280-460f-bc77-a89a08118d89,labyrinth,20,20,"(10, 10)","(0, 0)",dfs_search,0.0017981529235839844,397,392
42c503e8-6280-460f-bc77-a89a08118d89,labyrinth,20,20,"(10, 10)","(0, 0)",bfs_search,0.0016031265258789062,292,288
42c503e8-6280-460f-bc77-a89a08118d89,labyrinth,20,20,"(10, 10)","(0, 0)",astar_search,0.009906768798828125,248,247
b4b823fa-2ea6-49a5-86b0-1ef4a7f796c7,labyrinth,20,20,"(10, 10)","(0, 0)",dfs_search,0.0011761188507080078,386,381
b4b823fa-2ea6-49a5-86b0-1ef4a7f796c7,labyrinth,20,20,"(10, 10)","(0, 0)",bfs_search,0.0008199214935302734,285,281
b4b823fa-2ea6-49a5-86b0-1ef4a7f796c7,labyrinth,20,20,"(10, 10)","(0, 0)",astar_search,0.009351015090942383,266,265
7688010d-cee8-4838-94cc-8756ace2e2cf,labyrinth,20,20,"(10, 10)","(0, 0)",dfs_search,0.0005309581756591797,171,166
7688010d-cee8-4838-94cc-8756ace2e2cf,labyrinth,20,20,"(10, 10)","(0, 0)",bfs_search,0.0006649494171142578,179,177
7688010d-cee8-4838-94cc-8756ace2e2cf,labyrinth,20,20,"(10, 10)","(0, 0)",astar_search,0.007822751998901367,177,176
9e1f3b32-c188-4434-a2e5-98763a50760e,labyrinth,20,20,"(10, 10)","(0, 0)",dfs_search,0.0016531944274902344,324,320
9e1f3b32-c188-4434-a2e5-98763a50760e,labyrinth,20,20,"(10, 10)","(0, 0)",bfs_search,0.0003829002380371094,148,145
9e1f3b32-c188-4434-a2e5-98763a50760e,labyrinth,20,20,"(10, 10)","(0, 0)",astar_search,0.0065310001373291016,141,140
bdd23c7a-f1e2-438c-a0a5-e1446688e25e,labyrinth,20,20,"(10, 10)","(0, 0)",dfs_search,0.0028150081634521484,395,392
bdd23c7a-f1e2-438c-a0a5-e1446688e25e,labyrinth,20,20,"(10, 10)","(0, 0)",bfs_search,0.00012803077697753906,53,50
bdd23c7a-f1e2-438c-a0a5-e1446688e25e,labyrinth,20,20,"(10, 10)","(0, 0)",astar_search,0.004332065582275391,50,49
3d0e65cf-9119-4206-8530-934ed6e3f394,labyrinth,20,20,"(10, 10)","(0, 0)",dfs_search,0.001672983169555664,393,389
3d0e65cf-9119-4206-8530-934ed6e3f394,labyrinth,20,20,"(10, 10)","(0, 0)",bfs_search,0.0007131099700927734,287,282
3d0e65cf-9119-4206-8530-934ed6e3f394,labyrinth,20,20,"(10, 10)","(0, 0)",astar_search,0.009221076965332031,245,244
75035b5a-38b2-4599-bbaf-e46be147b140,labyrinth,20,20,"(10, 10)","(0, 0)",dfs_search,0.0023832321166992188,373,367
75035b5a-38b2-4599-bbaf-e46be147b140,labyrinth,20,20,"(10, 10)","(0, 0)",bfs_search,0.0016510486602783203,283,275
75035b5a-38b2-4599-bbaf-e46be147b140,labyrinth,20,20,"(10, 10)","(0, 0)",astar_search,0.008210182189941406,183,182
da25f687-4305-45b6-899e-7152b63cfa51,labyrinth,20,20,"(10, 10)","(0, 0)",dfs_search,0.0003662109375,116,112
da25f687-4305-45b6-899e-7152b63cfa51,labyrinth,20,20,"(10, 10)","(0, 0)",bfs_search,0.0004391670227050781,128,126
da25f687-4305-45b6-899e-7152b63cfa51,labyrinth,20,20,"(10, 10)","(0, 0)",astar_search,0.008281946182250977,122,121
a304f677-22b5-4b71-9142-b5b5befce5c7,labyrinth,20,20,"(10, 10)","(0, 0)",dfs_search,0.0009849071502685547,216,208
a304f677-22b5-4b71-9142-b5b5befce5c7,labyrinth,20,20,"(10, 10)","(0, 0)",bfs_search,0.0009961128234863281,195,192
a304f677-22b5-4b71-9142-b5b5befce5c7,labyrinth,20,20,"(10, 10)","(0, 0)",astar_search,0.007971048355102539,165,164
66b419b9-d72e-4a82-8827-e0df45b9806e,labyrinth,20,20,"(10, 10)","(0, 0)",dfs_search,0.0013740062713623047,278,273
66b419b9-d72e-4a82-8827-e0df45b9806e,labyrinth,20,20,"(10, 10)","(0, 0)",bfs_search,0.0011022090911865234,184,181
66b419b9-d72e-4a82-8827-e0df45b9806e,labyrinth,20,20,"(10, 10)","(0, 0)",astar_search,0.006896018981933594,159,158
593562e5-b2aa-4e2a-b5b2-4c03ce9453a7,labyrinth,20,20,"(10, 10)","(0, 0)",dfs_search,0.0007240772247314453,324,314
593562e5-b2aa-4e2a-b5b2-4c03ce9453a7,labyrinth,20,20,"(10, 10)","(0, 0)",bfs_search,0.0013141632080078125,368,365
593562e5-b2aa-4e2a-b5b2-4c03ce9453a7,labyrinth,20,20,"(10, 10)","(0, 0)",astar_search,0.011948823928833008,355,354
27904e2a-c256-4749-8b78-94c064357e62,labyrinth,20,20,"(10, 10)","(0, 0)",dfs_search,0.0016829967498779297,382,373
27904e2a-c256-4749-8b78-94c064357e62,labyrinth,20,20,"(10, 10)","(0, 0)",bfs_search,0.0011332035064697266,384,380
27904e2a-c256-4749-8b78-94c064357e62,labyrinth,20,20,"(10, 10)","(0, 0)",astar_search,0.011993169784545898,378,377
ca8f09bf-6dab-4fa7-9ac0-ca117d733a8a,labyrinth,20,20,"(10, 10)","(0, 0)",dfs_search,0.0011570453643798828,346,338
ca8f09bf-6dab-4fa7-9ac0-ca117d733a8a,labyrinth,20,20,"(10, 10)","(0, 0)",bfs_search,0.0007300376892089844,210,203
ca8f09bf-6dab-4fa7-9ac0-ca117d733a8a,labyrinth,20,20,"(10, 10)","(0, 0)",astar_search,0.00890493392944336,168,167
6a5296bd-2fa6-4b18-939d-ad706eaf18e0,labyrinth,20,20,"(10, 10)","(0, 0)",dfs_search,0.000698089599609375,143,139
6a5296bd-2fa6-4b18-939d-ad706eaf18e0,labyrinth,20,20,"(10, 10)","(0, 0)",bfs_search,0.0006992816925048828,126,122
6a5296bd-2fa6-4b18-939d-ad706eaf18e0,labyrinth,20,20,"(10, 10)","(0, 0)",astar_search,0.005151033401489258,101,100
b4aa8a08-124f-4171-943a-399eaf946273,labyrinth,20,20,"(10, 10)","(0, 0)",dfs_search,0.0009877681732177734,377,368
b4aa8a08-124f-4171-943a-399eaf946273,labyrinth,20,20,"(10, 10)","(0, 0)",bfs_search,0.0015850067138671875,356,352
b4aa8a08-124f-4171-943a-399eaf946273,labyrinth,20,20,"(10, 10)","(0, 0)",astar_search,0.010029077529907227,297,296
3d1d6344-e9e0-4e3e-a84f-de2ea62bda29,labyrinth,20,20,"(10, 10)","(0, 0)",dfs_search,0.0005981922149658203,95,93
3d1d6344-e9e0-4e3e-a84f-de2ea62bda29,labyrinth,20,20,"(10, 10)","(0, 0)",bfs_search,0.0003979206085205078,95,93
3d1d6344-e9e0-4e3e-a84f-de2ea62bda29,labyrinth,20,20,"(10, 10)","(0, 0)",astar_search,0.004235029220581055,93,92
8d4ce604-4a50-43b4-aa8c-9dbd33b4fefc,labyrinth,20,20,"(10, 10)","(0, 0)",dfs_search,0.0014009475708007812,246,239
8d4ce604-4a50-43b4-aa8c-9dbd33b4fefc,labyrinth,20,20,"(10, 10)","(0, 0)",bfs_search,0.0008666515350341797,273,270
8d4ce604-4a50-43b4-aa8c-9dbd33b4fefc,labyrinth,20,20,"(10, 10)","(0, 0)",astar_search,0.010687828063964844,251,250
8a0f944a-c54b-40f6-9e0d-707a7ad843cd,labyrinth,20,20,"(10, 10)","(0, 0)",dfs_search,0.00107574462890625,397,394
8a0f944a-c54b-40f6-9e0d-707a7ad843cd,labyrinth,20,20,"(10, 10)","(0, 0)",bfs_search,0.0005049705505371094,157,153
8a0f944a-c54b-40f6-9e0d-707a7ad843cd,labyrinth,20,20,"(10, 10)","(0, 0)",astar_search,0.006584882736206055,146,145
05d5e7f8-8e8a-4d18-a46a-d524055ad889,labyrinth,20,20,"(10, 10)","(0, 0)",dfs_search,0.0022721290588378906,360,351
05d5e7f8-8e8a-4d18-a46a-d524055ad889,labyrinth,20,20,"(10, 10)","(0, 0)",bfs_search,0.0015599727630615234,360,356
05d5e7f8-8e8a-4d18-a46a-d524055ad889,labyrinth,20,20,"(10, 10)","(0, 0)",astar_search,0.012134790420532227,318,317
8a92588c-5d3b-43e0-b5b3-11c29c56eece,labyrinth,20,20,"(10, 10)","(0, 0)",dfs_search,0.0005490779876708984,182,180
8a92588c-5d3b-43e0-b5b3-11c29c56eece,labyrinth,20,20,"(10, 10)","(0, 0)",bfs_search,0.0006279945373535156,172,169
8a92588c-5d3b-43e0-b5b3-11c29c56eece,labyrinth,20,20,"(10, 10)","(0, 0)",astar_search,0.007472991943359375,138,137
03d731bd-251c-4618-8996-cd59303da77c,labyrinth,20,20,"(10, 10)","(0, 0)",dfs_search,0.0019040107727050781,321,317
03d731bd-251c-4618-8996-cd59303da77c,labyrinth,20,20,"(10, 10)","(0, 0)",bfs_search,0.0017240047454833984,372,368
03d731bd-251c-4618-8996-cd59303da77c,labyrinth,20,20,"(10, 10)","(0, 0)",astar_search,0.011978864669799805,312,311
3ccb0fcd-15ac-4b4a-8086-9b8cf1d6ad92,labyrinth,20,20,"(10, 10)","(0, 0)",dfs_search,0.0003528594970703125,71,68
3ccb0fcd-15ac-4b4a-8086-9b8cf1d6ad92,labyrinth,20,20,"(10, 10)","(0, 0)",bfs_search,0.00034999847412109375,71,69
3ccb0fcd-15ac-4b4a-8086-9b8cf1d6ad92,labyrinth,20,20,"(10, 10)","(0, 0)",astar_search,0.0035829544067382812,68,67
b5cda74c-61be-4c04-97c8-730b0f179d50,looping_maze,40,40,"(20, 20)","(0, 0)",dfs_search,0.005566120147705078,1325,1095
b5cda74c-61be-4c04-97c8-730b0f179d50,looping_maze,40,40,"(20, 20)","(0, 0)",bfs_search,0.005384922027587891,1595,1589
b5cda74c-61be-4c04-97c8-730b0f179d50,looping_maze,40,40,"(20, 20)","(0, 0)",astar_search,0.044673919677734375,335,334
77f3756f-ec95-4e6b-a66e-73b4512cd65a,labyrinth,40,40,"(20, 20)","(0, 0)",dfs_search,0.008025646209716797,1562,1553
77f3756f-ec95-4e6b-a66e-73b4512cd65a,labyrinth,40,40,"(20, 20)","(0, 0)",bfs_search,0.00755620002746582,967,961
77f3756f-ec95-4e6b-a66e-73b4512cd65a,labyrinth,40,40,"(20, 20)","(0, 0)",astar_search,0.07746195793151855,929,928
d76ca85c-8b45-4d50-ae69-c8ec6db0621d,looping_maze,40,40,"(20, 20)","(0, 0)",dfs_search,0.005296945571899414,1151,914
d76ca85c-8b45-4d50-ae69-c8ec6db0621d,looping_maze,40,40,"(20, 20)","(0, 0)",bfs_search,0.004328250885009766,1334,1291
d289a560-7f1a-4ed2-973a-5226c466d138,labyrinth,40,40,"(20, 20)","(0, 0)",dfs_search,0.006273984909057617,1447,1421
d289a560-7f1a-4ed2-973a-5226c466d138,labyrinth,40,40,"(20, 20)","(0, 0)",bfs_search,0.008315086364746094,1335,1332
d289a560-7f1a-4ed2-973a-5226c466d138,labyrinth,40,40,"(20, 20)","(0, 0)",astar_search,0.08473086357116699,1310,1309
fa6de8f3-ce7e-4e25-af50-f8eada890daf,looping_maze,40,40,"(20, 20)","(0, 0)",dfs_search,0.005540132522583008,1134,902
fa6de8f3-ce7e-4e25-af50-f8eada890daf,looping_maze,40,40,"(20, 20)","(0, 0)",bfs_search,0.006894111633300781,1501,1478
fa6de8f3-ce7e-4e25-af50-f8eada890daf,looping_maze,40,40,"(20, 20)","(0, 0)",astar_search,0.011442184448242188,65,64
488ccd50-dd2d-426b-8813-6cdc256ae7a8,looping_maze,40,40,"(20, 20)","(0, 0)",dfs_search,0.004374980926513672,1401,1162
7cfd2d74-bd19-4308-b981-edca3d765e48,labyrinth,40,40,"(20, 20)","(0, 0)",dfs_search,0.006844997406005859,1509,1499
7cfd2d74-bd19-4308-b981-edca3d765e48,labyrinth,40,40,"(20, 20)","(0, 0)",bfs_search,0.007440805435180664,1155,1150
7cfd2d74-bd19-4308-b981-edca3d765e48,labyrinth,40,40,"(20, 20)","(0, 0)",astar_search,0.07151985168457031,991,990
0d592bdf-0483-4114-85ee-cf1b61daf628,looping_maze,40,40,"(20, 20)","(0, 0)",dfs_search,0.006364345550537109,1397,1187
0d592bdf-0483-4114-85ee-cf1b61daf628,looping_maze,40,40,"(20, 20)","(0, 0)",bfs_search,0.008141040802001953,1541,1524
0d592bdf-0483-4114-85ee-cf1b61daf628,looping_maze,40,40,"(20, 20)","(0, 0)",astar_search,0.04155087471008301,341,340
f0d86b82-e0e0-4ec4-a882-d934d4a42e20,labyrinth,40,40,"(20, 20)","(0, 0)",dfs_search,0.007289886474609375,1385,1360
f0d86b82-e0e0-4ec4-a882-d934d4a42e20,labyrinth,40,40,"(20, 20)","(0, 0)",bfs_search,0.003651142120361328,784,781
f0d86b82-e0e0-4ec4-a882-d934d4a42e20,labyrinth,40,40,"(20, 20)","(0, 0)",astar_search,0.05704784393310547,768,767
